artigo,capitulo_atual,tema,status,plc_arts,observacao
1,Tít. I,Instituição e finalidade do Código,CONDENSADO,1; 8,Finalidade absorvida pelo art. 1º do PLC; dever de facilitar a fiscalização migra para o art. 8º
2,Tít. I,Instituição e finalidade do Código,CONDENSADO,1; 8,Finalidade absorvida pelo art. 1º do PLC; dever de facilitar a fiscalização migra para o art. 8º
3,Tít. I,Instituição e finalidade do Código,CONDENSADO,1; 8,Finalidade absorvida pelo art. 1º do PLC; dever de facilitar a fiscalização migra para o art. 8º
4,Tít. I,Instituição e finalidade do Código,CONDENSADO,1; 8,Finalidade absorvida pelo art. 1º do PLC; dever de facilitar a fiscalização migra para o art. 8º
5,Tít. II — Cap. I,Competência em higiene pública,CONDENSADO,11–12,Rol de fiscalização reescrito no art. 11 §2º; auto de infração tratado no Tít. VI do PLC
6,Tít. II — Cap. I,Competência em higiene pública,CONDENSADO,11–12,Rol de fiscalização reescrito no art. 11 §2º; auto de infração tratado no Tít. VI do PLC
7,Tít. II — Cap. I,Competência em higiene pública,CONDENSADO,11–12,Rol de fiscalização reescrito no art. 11 §2º; auto de infração tratado no Tít. VI do PLC
8,Tít. II — Cap. I,Competência em higiene pública,CONDENSADO,11–12,Rol de fiscalização reescrito no art. 11 §2º; auto de infração tratado no Tít. VI do PLC
9,Tít. II — Cap. II,Higiene dos passeios e logradouros,ALTERADO,13–20,Proibições consolidadas (13–14); limpeza do passeio pelo ocupante mantida (15); multas migradas para UFESP com faixas por volume (20); veículo abandonado ganha regra própria (19)
10,Tít. II — Cap. II,Higiene dos passeios e logradouros,ALTERADO,13–20,Proibições consolidadas (13–14); limpeza do passeio pelo ocupante mantida (15); multas migradas para UFESP com faixas por volume (20); veículo abandonado ganha regra própria (19)
11,Tít. II — Cap. II,Higiene dos passeios e logradouros,ALTERADO,13–20,Proibições consolidadas (13–14); limpeza do passeio pelo ocupante mantida (15); multas migradas para UFESP com faixas por volume (20); veículo abandonado ganha regra própria (19)
12,Tít. II — Cap. II,Higiene dos passeios e logradouros,ALTERADO,13–20,Proibições consolidadas (13–14); limpeza do passeio pelo ocupante mantida (15); multas migradas para UFESP com faixas por volume (20); veículo abandonado ganha regra própria (19)
13,Tít. II — Cap. II,Higiene dos passeios e logradouros,ALTERADO,13–20,Proibições consolidadas (13–14); limpeza do passeio pelo ocupante mantida (15); multas migradas para UFESP com faixas por volume (20); veículo abandonado ganha regra própria (19)
14,Tít. II — Cap. II,Higiene dos passeios e logradouros,ALTERADO,13–20,Proibições consolidadas (13–14); limpeza do passeio pelo ocupante mantida (15); multas migradas para UFESP com faixas por volume (20); veículo abandonado ganha regra própria (19)
15,Tít. II — Cap. II,Higiene dos passeios e logradouros,ALTERADO,13–20,Proibições consolidadas (13–14); limpeza do passeio pelo ocupante mantida (15); multas migradas para UFESP com faixas por volume (20); veículo abandonado ganha regra própria (19)
16,Tít. II — Cap. II,Higiene dos passeios e logradouros,ALTERADO,13–20,Proibições consolidadas (13–14); limpeza do passeio pelo ocupante mantida (15); multas migradas para UFESP com faixas por volume (20); veículo abandonado ganha regra própria (19)
17,Tít. II — Cap. II,Higiene dos passeios e logradouros,ALTERADO,13–20,Proibições consolidadas (13–14); limpeza do passeio pelo ocupante mantida (15); multas migradas para UFESP com faixas por volume (20); veículo abandonado ganha regra própria (19)
18,Tít. II — Cap. II,Higiene dos passeios e logradouros,ALTERADO,13–20,Proibições consolidadas (13–14); limpeza do passeio pelo ocupante mantida (15); multas migradas para UFESP com faixas por volume (20); veículo abandonado ganha regra própria (19)
19,Tít. II — Cap. II,Higiene dos passeios e logradouros,ALTERADO,13–20,Proibições consolidadas (13–14); limpeza do passeio pelo ocupante mantida (15); multas migradas para UFESP com faixas por volume (20); veículo abandonado ganha regra própria (19)
20,Tít. II — Cap. II,Higiene dos passeios e logradouros,ALTERADO,13–20,Proibições consolidadas (13–14); limpeza do passeio pelo ocupante mantida (15); multas migradas para UFESP com faixas por volume (20); veículo abandonado ganha regra própria (19)
21,Tít. II — Cap. III,Higiene das habitações,CONDENSADO,21–24,Regras de condomínio e detalhes de reservatórios/galinheiros suprimidos; deveres gerais nos arts. 22–23
22,Tít. II — Cap. III,Higiene das habitações,CONDENSADO,21–24,Regras de condomínio e detalhes de reservatórios/galinheiros suprimidos; deveres gerais nos arts. 22–23
23,Tít. II — Cap. III,Higiene das habitações,CONDENSADO,21–24,Regras de condomínio e detalhes de reservatórios/galinheiros suprimidos; deveres gerais nos arts. 22–23
24,Tít. II — Cap. III,Higiene das habitações,CONDENSADO,21–24,Regras de condomínio e detalhes de reservatórios/galinheiros suprimidos; deveres gerais nos arts. 22–23
25,Tít. II — Cap. III,Higiene das habitações,CONDENSADO,21–24,Regras de condomínio e detalhes de reservatórios/galinheiros suprimidos; deveres gerais nos arts. 22–23
26,Tít. II — Cap. III,Higiene das habitações,CONDENSADO,21–24,Regras de condomínio e detalhes de reservatórios/galinheiros suprimidos; deveres gerais nos arts. 22–23
27,Tít. II — Cap. III,Higiene das habitações,CONDENSADO,21–24,Regras de condomínio e detalhes de reservatórios/galinheiros suprimidos; deveres gerais nos arts. 22–23
28,Tít. II — Cap. III,Higiene das habitações,CONDENSADO,21–24,Regras de condomínio e detalhes de reservatórios/galinheiros suprimidos; deveres gerais nos arts. 22–23
29,Tít. II — Cap. III,Higiene das habitações,CONDENSADO,21–24,Regras de condomínio e detalhes de reservatórios/galinheiros suprimidos; deveres gerais nos arts. 22–23
30,Tít. II — Cap. IV,Higiene das edificações na área rural,CONDENSADO,11 §2º II,Sem capítulo próprio; fiscalização de áreas urbana e não urbana citada genericamente
31,Tít. II — Cap. IV,Higiene das edificações na área rural,CONDENSADO,11 §2º II,Sem capítulo próprio; fiscalização de áreas urbana e não urbana citada genericamente
32,Tít. II — Cap. IV,Higiene das edificações na área rural,CONDENSADO,11 §2º II,Sem capítulo próprio; fiscalização de áreas urbana e não urbana citada genericamente
33,Tít. II — Cap. IV,Higiene das edificações na área rural,CONDENSADO,11 §2º II,Sem capítulo próprio; fiscalização de áreas urbana e não urbana citada genericamente
34,Tít. II — Cap. V,Higiene dos sanitários,ALTERADO,25–26,Mantido apenas para estabelecimentos comerciais/industriais; exigências residenciais suprimidas; dispensador de sabão e lixeira com pedal (25 VII)
35,Tít. II — Cap. V,Higiene dos sanitários,ALTERADO,25–26,Mantido apenas para estabelecimentos comerciais/industriais; exigências residenciais suprimidas; dispensador de sabão e lixeira com pedal (25 VII)
36,Tít. II — Cap. VI,Poços e fontes de abastecimento,REMETIDO,27–28,Especificações construtivas (diâmetro; tampa; distâncias) suprimidas; remissão a normas e regramentos específicos
37,Tít. II — Cap. VI,Poços e fontes de abastecimento,REMETIDO,27–28,Especificações construtivas (diâmetro; tampa; distâncias) suprimidas; remissão a normas e regramentos específicos
38,Tít. II — Cap. VI,Poços e fontes de abastecimento,REMETIDO,27–28,Especificações construtivas (diâmetro; tampa; distâncias) suprimidas; remissão a normas e regramentos específicos
39,Tít. II — Cap. VI,Poços e fontes de abastecimento,REMETIDO,27–28,Especificações construtivas (diâmetro; tampa; distâncias) suprimidas; remissão a normas e regramentos específicos
40,Tít. II — Cap. VI,Poços e fontes de abastecimento,REMETIDO,27–28,Especificações construtivas (diâmetro; tampa; distâncias) suprimidas; remissão a normas e regramentos específicos
41,Tít. II — Cap. VI,Poços e fontes de abastecimento,REMETIDO,27–28,Especificações construtivas (diâmetro; tampa; distâncias) suprimidas; remissão a normas e regramentos específicos
42,Tít. II — Cap. VII,Instalação e limpeza de fossas,REMETIDO,79,Detalhes construtivos suprimidos; na ausência de rede exige-se sistema de tratamento conforme ABNT (art. 79)
43,Tít. II — Cap. VII,Instalação e limpeza de fossas,REMETIDO,79,Detalhes construtivos suprimidos; na ausência de rede exige-se sistema de tratamento conforme ABNT (art. 79)
44,Tít. II — Cap. VII,Instalação e limpeza de fossas,REMETIDO,79,Detalhes construtivos suprimidos; na ausência de rede exige-se sistema de tratamento conforme ABNT (art. 79)
45,Tít. II — Cap. VII,Instalação e limpeza de fossas,REMETIDO,79,Detalhes construtivos suprimidos; na ausência de rede exige-se sistema de tratamento conforme ABNT (art. 79)
46,Tít. II — Cap. VII,Instalação e limpeza de fossas,REMETIDO,79,Detalhes construtivos suprimidos; na ausência de rede exige-se sistema de tratamento conforme ABNT (art. 79)
47,Tít. II — Cap. VII,Instalação e limpeza de fossas,REMETIDO,79,Detalhes construtivos suprimidos; na ausência de rede exige-se sistema de tratamento conforme ABNT (art. 79)
48,Tít. II — Cap. VIII (Seções I–II),Fiscalização de alimentos e gêneros alimentícios,CONDENSADO,33–40,Definições de impróprio/adulterado/fraudado mantidas quase literais (34); regras por produto (frutas; aves; ovos; gelo) condensadas nos arts. 38–40
49,Tít. II — Cap. VIII (Seções I–II),Fiscalização de alimentos e gêneros alimentícios,CONDENSADO,33–40,Definições de impróprio/adulterado/fraudado mantidas quase literais (34); regras por produto (frutas; aves; ovos; gelo) condensadas nos arts. 38–40
50,Tít. II — Cap. VIII (Seções I–II),Fiscalização de alimentos e gêneros alimentícios,CONDENSADO,33–40,Definições de impróprio/adulterado/fraudado mantidas quase literais (34); regras por produto (frutas; aves; ovos; gelo) condensadas nos arts. 38–40
51,Tít. II — Cap. VIII (Seções I–II),Fiscalização de alimentos e gêneros alimentícios,CONDENSADO,33–40,Definições de impróprio/adulterado/fraudado mantidas quase literais (34); regras por produto (frutas; aves; ovos; gelo) condensadas nos arts. 38–40
52,Tít. II — Cap. VIII (Seções I–II),Fiscalização de alimentos e gêneros alimentícios,CONDENSADO,33–40,Definições de impróprio/adulterado/fraudado mantidas quase literais (34); regras por produto (frutas; aves; ovos; gelo) condensadas nos arts. 38–40
53,Tít. II — Cap. VIII (Seções I–II),Fiscalização de alimentos e gêneros alimentícios,CONDENSADO,33–40,Definições de impróprio/adulterado/fraudado mantidas quase literais (34); regras por produto (frutas; aves; ovos; gelo) condensadas nos arts. 38–40
54,Tít. II — Cap. VIII (Seções I–II),Fiscalização de alimentos e gêneros alimentícios,CONDENSADO,33–40,Definições de impróprio/adulterado/fraudado mantidas quase literais (34); regras por produto (frutas; aves; ovos; gelo) condensadas nos arts. 38–40
55,Tít. II — Cap. VIII (Seções I–II),Fiscalização de alimentos e gêneros alimentícios,CONDENSADO,33–40,Definições de impróprio/adulterado/fraudado mantidas quase literais (34); regras por produto (frutas; aves; ovos; gelo) condensadas nos arts. 38–40
56,Tít. II — Cap. VIII (Seções I–II),Fiscalização de alimentos e gêneros alimentícios,CONDENSADO,33–40,Definições de impróprio/adulterado/fraudado mantidas quase literais (34); regras por produto (frutas; aves; ovos; gelo) condensadas nos arts. 38–40
57,Tít. II — Cap. VIII (Seções I–II),Fiscalização de alimentos e gêneros alimentícios,CONDENSADO,33–40,Definições de impróprio/adulterado/fraudado mantidas quase literais (34); regras por produto (frutas; aves; ovos; gelo) condensadas nos arts. 38–40
58,Tít. II — Cap. VIII (Seções I–II),Fiscalização de alimentos e gêneros alimentícios,CONDENSADO,33–40,Definições de impróprio/adulterado/fraudado mantidas quase literais (34); regras por produto (frutas; aves; ovos; gelo) condensadas nos arts. 38–40
59,Tít. II — Cap. VIII (Seções I–II),Fiscalização de alimentos e gêneros alimentícios,CONDENSADO,33–40,Definições de impróprio/adulterado/fraudado mantidas quase literais (34); regras por produto (frutas; aves; ovos; gelo) condensadas nos arts. 38–40
60,Tít. II — Cap. VIII (Seções I–II),Fiscalização de alimentos e gêneros alimentícios,CONDENSADO,33–40,Definições de impróprio/adulterado/fraudado mantidas quase literais (34); regras por produto (frutas; aves; ovos; gelo) condensadas nos arts. 38–40
61,Tít. II — Cap. VIII (Seções I–II),Fiscalização de alimentos e gêneros alimentícios,CONDENSADO,33–40,Definições de impróprio/adulterado/fraudado mantidas quase literais (34); regras por produto (frutas; aves; ovos; gelo) condensadas nos arts. 38–40
62,Tít. II — Cap. VIII (Seções I–II),Fiscalização de alimentos e gêneros alimentícios,CONDENSADO,33–40,Definições de impróprio/adulterado/fraudado mantidas quase literais (34); regras por produto (frutas; aves; ovos; gelo) condensadas nos arts. 38–40
63,Tít. II — Cap. VIII (Seções I–II),Fiscalização de alimentos e gêneros alimentícios,CONDENSADO,33–40,Definições de impróprio/adulterado/fraudado mantidas quase literais (34); regras por produto (frutas; aves; ovos; gelo) condensadas nos arts. 38–40
64,Tít. II — Cap. VIII (Seções I–II),Fiscalização de alimentos e gêneros alimentícios,CONDENSADO,33–40,Definições de impróprio/adulterado/fraudado mantidas quase literais (34); regras por produto (frutas; aves; ovos; gelo) condensadas nos arts. 38–40
65,Tít. II — Cap. VIII (Seções I–II),Fiscalização de alimentos e gêneros alimentícios,CONDENSADO,33–40,Definições de impróprio/adulterado/fraudado mantidas quase literais (34); regras por produto (frutas; aves; ovos; gelo) condensadas nos arts. 38–40
66,Tít. II — Cap. VIII (Seção III),Transporte de gêneros alimentícios,CONDENSADO,41–42,Regras específicas por tipo de veículo suprimidas; remissão à legislação sanitária
67,Tít. II — Cap. VIII (Seção III),Transporte de gêneros alimentícios,CONDENSADO,41–42,Regras específicas por tipo de veículo suprimidas; remissão à legislação sanitária
68,Tít. II — Cap. VIII (Seção III),Transporte de gêneros alimentícios,CONDENSADO,41–42,Regras específicas por tipo de veículo suprimidas; remissão à legislação sanitária
69,Tít. II — Cap. VIII (Seção III),Transporte de gêneros alimentícios,CONDENSADO,41–42,Regras específicas por tipo de veículo suprimidas; remissão à legislação sanitária
70,Tít. II — Cap. VIII (Seção III),Transporte de gêneros alimentícios,CONDENSADO,41–42,Regras específicas por tipo de veículo suprimidas; remissão à legislação sanitária
71,Tít. II — Cap. VIII (Seção III),Transporte de gêneros alimentícios,CONDENSADO,41–42,Regras específicas por tipo de veículo suprimidas; remissão à legislação sanitária
72,Tít. II — Cap. VIII (Seção III),Transporte de gêneros alimentícios,CONDENSADO,41–42,Regras específicas por tipo de veículo suprimidas; remissão à legislação sanitária
73,Tít. II — Cap. VIII (Seções IV–V),Utensílios; embalagem e rotulagem,REMETIDO,40,Rotulagem é matéria federal (ANVISA); utensílios inócuos mantidos no art. 40
74,Tít. II — Cap. VIII (Seções IV–V),Utensílios; embalagem e rotulagem,REMETIDO,40,Rotulagem é matéria federal (ANVISA); utensílios inócuos mantidos no art. 40
75,Tít. II — Cap. VIII (Seções IV–V),Utensílios; embalagem e rotulagem,REMETIDO,40,Rotulagem é matéria federal (ANVISA); utensílios inócuos mantidos no art. 40
76,Tít. II — Cap. VIII (Seções IV–V),Utensílios; embalagem e rotulagem,REMETIDO,40,Rotulagem é matéria federal (ANVISA); utensílios inócuos mantidos no art. 40
77,Tít. II — Cap. VIII (Seções IV–V),Utensílios; embalagem e rotulagem,REMETIDO,40,Rotulagem é matéria federal (ANVISA); utensílios inócuos mantidos no art. 40
78,Tít. II — Cap. VIII (Seções IV–V),Utensílios; embalagem e rotulagem,REMETIDO,40,Rotulagem é matéria federal (ANVISA); utensílios inócuos mantidos no art. 40
79,Tít. II — Cap. VIII (Seções IV–V),Utensílios; embalagem e rotulagem,REMETIDO,40,Rotulagem é matéria federal (ANVISA); utensílios inócuos mantidos no art. 40
80,Tít. II — Cap. VIII (Seções IV–V),Utensílios; embalagem e rotulagem,REMETIDO,40,Rotulagem é matéria federal (ANVISA); utensílios inócuos mantidos no art. 40
81,Tít. II — Cap. VIII (Seção VI),Estabelecimentos de gêneros alimentícios,CONDENSADO,43–45,Exigências construtivas minuciosas (ralos; balcões de mármore; telas) suprimidas; asseio; controle de pragas e atestado de saúde mantidos
82,Tít. II — Cap. VIII (Seção VI),Estabelecimentos de gêneros alimentícios,CONDENSADO,43–45,Exigências construtivas minuciosas (ralos; balcões de mármore; telas) suprimidas; asseio; controle de pragas e atestado de saúde mantidos
83,Tít. II — Cap. VIII (Seção VI),Estabelecimentos de gêneros alimentícios,CONDENSADO,43–45,Exigências construtivas minuciosas (ralos; balcões de mármore; telas) suprimidas; asseio; controle de pragas e atestado de saúde mantidos
84,Tít. II — Cap. VIII (Seção VI),Estabelecimentos de gêneros alimentícios,CONDENSADO,43–45,Exigências construtivas minuciosas (ralos; balcões de mármore; telas) suprimidas; asseio; controle de pragas e atestado de saúde mantidos
85,Tít. II — Cap. VIII (Seção VI),Estabelecimentos de gêneros alimentícios,CONDENSADO,43–45,Exigências construtivas minuciosas (ralos; balcões de mármore; telas) suprimidas; asseio; controle de pragas e atestado de saúde mantidos
86,Tít. II — Cap. VIII (Seção VI),Estabelecimentos de gêneros alimentícios,CONDENSADO,43–45,Exigências construtivas minuciosas (ralos; balcões de mármore; telas) suprimidas; asseio; controle de pragas e atestado de saúde mantidos
87,Tít. II — Cap. VIII (Seção VI),Estabelecimentos de gêneros alimentícios,CONDENSADO,43–45,Exigências construtivas minuciosas (ralos; balcões de mármore; telas) suprimidas; asseio; controle de pragas e atestado de saúde mantidos
88,Tít. II — Cap. VIII (Seção VI),Estabelecimentos de gêneros alimentícios,CONDENSADO,43–45,Exigências construtivas minuciosas (ralos; balcões de mármore; telas) suprimidas; asseio; controle de pragas e atestado de saúde mantidos
89,Tít. II — Cap. VIII (Seção VI),Estabelecimentos de gêneros alimentícios,CONDENSADO,43–45,Exigências construtivas minuciosas (ralos; balcões de mármore; telas) suprimidas; asseio; controle de pragas e atestado de saúde mantidos
90,Tít. II — Cap. VIII (Seção VI),Estabelecimentos de gêneros alimentícios,CONDENSADO,43–45,Exigências construtivas minuciosas (ralos; balcões de mármore; telas) suprimidas; asseio; controle de pragas e atestado de saúde mantidos
91,Tít. II — Cap. VIII (Seção VI),Estabelecimentos de gêneros alimentícios,CONDENSADO,43–45,Exigências construtivas minuciosas (ralos; balcões de mármore; telas) suprimidas; asseio; controle de pragas e atestado de saúde mantidos
92,Tít. II — Cap. VIII (Seção VI),Estabelecimentos de gêneros alimentícios,CONDENSADO,43–45,Exigências construtivas minuciosas (ralos; balcões de mármore; telas) suprimidas; asseio; controle de pragas e atestado de saúde mantidos
93,Tít. II — Cap. VIII (Seção VII),Supermercados,REVOGADO_SEM_CORRESPONDENTE,—,Regras específicas (balança-piloto; lavabos junto às gôndolas) desaparecem
94,Tít. II — Cap. VIII (Seção VII),Supermercados,REVOGADO_SEM_CORRESPONDENTE,—,Regras específicas (balança-piloto; lavabos junto às gôndolas) desaparecem
95,Tít. II — Cap. VIII (Seção VIII),Casas de carnes e peixarias,CONDENSADO,46–48,Requisitos materiais substituídos por dever geral de higiene; uniformes mantidos (48)
96,Tít. II — Cap. VIII (Seção VIII),Casas de carnes e peixarias,CONDENSADO,46–48,Requisitos materiais substituídos por dever geral de higiene; uniformes mantidos (48)
97,Tít. II — Cap. VIII (Seção VIII),Casas de carnes e peixarias,CONDENSADO,46–48,Requisitos materiais substituídos por dever geral de higiene; uniformes mantidos (48)
98,Tít. II — Cap. VIII (Seção IX),Hotéis; restaurantes e congêneres,CONDENSADO,43–45,Lista minuciosa (açucareiros; fio dental; canudos; cardápios plastificados) desaparece
99,Tít. II — Cap. VIII (Seção IX),Hotéis; restaurantes e congêneres,CONDENSADO,43–45,Lista minuciosa (açucareiros; fio dental; canudos; cardápios plastificados) desaparece
100,Tít. II — Cap. VIII (Seção X),Vendedores ambulantes de alimentos,JA_REVOGADO,—,Já revogados pela LC 1189/2023; matéria em legislação específica de ambulantes
101,Tít. II — Cap. VIII (Seção X),Vendedores ambulantes de alimentos,JA_REVOGADO,—,Já revogados pela LC 1189/2023; matéria em legislação específica de ambulantes
102,Tít. II — Cap. VIII (Seção X),Vendedores ambulantes de alimentos,JA_REVOGADO,—,Já revogados pela LC 1189/2023; matéria em legislação específica de ambulantes
103,Tít. II — Cap. VIII (Seção X),Vendedores ambulantes de alimentos,JA_REVOGADO,—,Já revogados pela LC 1189/2023; matéria em legislação específica de ambulantes
104,Tít. II — Cap. IX,Higiene e condições dos locais de trabalho,CONDENSADO,29,Iluminação; ventilação e conforto térmico (matéria trabalhista/NRs) suprimidos; dever geral de higiene no art. 29
105,Tít. II — Cap. IX,Higiene e condições dos locais de trabalho,CONDENSADO,29,Iluminação; ventilação e conforto térmico (matéria trabalhista/NRs) suprimidos; dever geral de higiene no art. 29
106,Tít. II — Cap. IX,Higiene e condições dos locais de trabalho,CONDENSADO,29,Iluminação; ventilação e conforto térmico (matéria trabalhista/NRs) suprimidos; dever geral de higiene no art. 29
107,Tít. II — Cap. IX,Higiene e condições dos locais de trabalho,CONDENSADO,29,Iluminação; ventilação e conforto térmico (matéria trabalhista/NRs) suprimidos; dever geral de higiene no art. 29
108,Tít. II — Cap. IX,Higiene e condições dos locais de trabalho,CONDENSADO,29,Iluminação; ventilação e conforto térmico (matéria trabalhista/NRs) suprimidos; dever geral de higiene no art. 29
109,Tít. II — Cap. IX,Higiene e condições dos locais de trabalho,CONDENSADO,29,Iluminação; ventilação e conforto térmico (matéria trabalhista/NRs) suprimidos; dever geral de higiene no art. 29
110,Tít. II — Cap. IX,Higiene e condições dos locais de trabalho,CONDENSADO,29,Iluminação; ventilação e conforto térmico (matéria trabalhista/NRs) suprimidos; dever geral de higiene no art. 29
111,Tít. II — Cap. IX,Higiene e condições dos locais de trabalho,CONDENSADO,29,Iluminação; ventilação e conforto térmico (matéria trabalhista/NRs) suprimidos; dever geral de higiene no art. 29
112,Tít. II — Cap. IX,Higiene e condições dos locais de trabalho,CONDENSADO,29,Iluminação; ventilação e conforto térmico (matéria trabalhista/NRs) suprimidos; dever geral de higiene no art. 29
113,Tít. II — Cap. IX,Higiene e condições dos locais de trabalho,CONDENSADO,29,Iluminação; ventilação e conforto térmico (matéria trabalhista/NRs) suprimidos; dever geral de higiene no art. 29
114,Tít. II — Cap. IX,Higiene e condições dos locais de trabalho,CONDENSADO,29,Iluminação; ventilação e conforto térmico (matéria trabalhista/NRs) suprimidos; dever geral de higiene no art. 29
115,Tít. II — Cap. IX,Higiene e condições dos locais de trabalho,CONDENSADO,29,Iluminação; ventilação e conforto térmico (matéria trabalhista/NRs) suprimidos; dever geral de higiene no art. 29
116,Tít. II — Cap. IX,Higiene e condições dos locais de trabalho,CONDENSADO,29,Iluminação; ventilação e conforto térmico (matéria trabalhista/NRs) suprimidos; dever geral de higiene no art. 29
117,Tít. II — Cap. IX,Higiene e condições dos locais de trabalho,CONDENSADO,29,Iluminação; ventilação e conforto térmico (matéria trabalhista/NRs) suprimidos; dever geral de higiene no art. 29
118,Tít. II — Cap. IX,Higiene e condições dos locais de trabalho,CONDENSADO,29,Iluminação; ventilação e conforto térmico (matéria trabalhista/NRs) suprimidos; dever geral de higiene no art. 29
119,Tít. II — Cap. IX,Salões; barbearias; tatuadores (art. 119 e 119-A a 119-G),CONDENSADO,30–31,Esterilização e lavatório mantidos; cartazes obrigatórios e detalhes de cabines suprimidos
120,Tít. II — Cap. IX,Farmácias; necrotérios; substâncias perigosas,ALTERADO,32,Farmácias passam a exigir climatização (novo); necrotérios e rotulagem de perigosos suprimidos
121,Tít. II — Cap. IX,Farmácias; necrotérios; substâncias perigosas,ALTERADO,32,Farmácias passam a exigir climatização (novo); necrotérios e rotulagem de perigosos suprimidos
122,Tít. II — Cap. IX,Farmácias; necrotérios; substâncias perigosas,ALTERADO,32,Farmácias passam a exigir climatização (novo); necrotérios e rotulagem de perigosos suprimidos
123,Tít. II — Cap. IX,Aerodispersóides; placas de advertência de bebidas (123; 123-A; 123-B),REVOGADO_SEM_CORRESPONDENTE,—,Placas de advertência sobre álcool e energéticos desaparecem
124,Tít. II — Cap. X,Hospitais; casas de saúde e congêneres,ALTERADO,50–51,Inclui ILPIs; lavanderia própria ou terceirizada licenciada; morgue com dispensa para ILPI
125,Tít. II — Cap. XI,Estabelecimentos educacionais,CONDENSADO,29,Sem capítulo próprio; dever geral de higiene
126,Tít. II — Cap. XI,Estabelecimentos educacionais,CONDENSADO,29,Sem capítulo próprio; dever geral de higiene
127,Tít. II — Cap. XI,Estabelecimentos educacionais,CONDENSADO,29,Sem capítulo próprio; dever geral de higiene
128,Tít. II — Cap. XII,Campos esportivos,REVOGADO_SEM_CORRESPONDENTE,—,Exigência de gramado e drenagem desaparece
129,Tít. II — Cap. XIII,Piscinas,ALTERADO,65–68,Exame médico trimestral restrito ao uso público; salva-vidas conforme lei específica; dispositivos anti-sucção (novo; 66 V)
130,Tít. II — Cap. XIII,Piscinas,ALTERADO,65–68,Exame médico trimestral restrito ao uso público; salva-vidas conforme lei específica; dispositivos anti-sucção (novo; 66 V)
131,Tít. II — Cap. XIII,Piscinas,ALTERADO,65–68,Exame médico trimestral restrito ao uso público; salva-vidas conforme lei específica; dispositivos anti-sucção (novo; 66 V)
132,Tít. II — Cap. XIII,Piscinas,ALTERADO,65–68,Exame médico trimestral restrito ao uso público; salva-vidas conforme lei específica; dispositivos anti-sucção (novo; 66 V)
133,Tít. II — Cap. XIV,Coleta de lixo nos prédios,ALTERADO,52–57,Novo regramento: sacos até 100 L; antecedência máxima de 5h; coleta seletiva e cata-treco com agendamento
134,Tít. II — Cap. XIV,Coleta de lixo nos prédios,ALTERADO,52–57,Novo regramento: sacos até 100 L; antecedência máxima de 5h; coleta seletiva e cata-treco com agendamento
135,Tít. II — Cap. XIV,Coleta de lixo nos prédios,ALTERADO,52–57,Novo regramento: sacos até 100 L; antecedência máxima de 5h; coleta seletiva e cata-treco com agendamento
136,Tít. II — Cap. XV,Poluição do ar e das águas,ALTERADO,69–90,Capítulo ampliado: escala Ringelmann; odores; poluição sonora por NBR 10151/10152; solo e subsolo; multas de 200–2.000 UFESP
137,Tít. II — Cap. XV,Poluição do ar e das águas,ALTERADO,69–90,Capítulo ampliado: escala Ringelmann; odores; poluição sonora por NBR 10151/10152; solo e subsolo; multas de 200–2.000 UFESP
138,Tít. II — Cap. XV,Poluição do ar e das águas,ALTERADO,69–90,Capítulo ampliado: escala Ringelmann; odores; poluição sonora por NBR 10151/10152; solo e subsolo; multas de 200–2.000 UFESP
139,Tít. II — Cap. XV,Poluição do ar e das águas,ALTERADO,69–90,Capítulo ampliado: escala Ringelmann; odores; poluição sonora por NBR 10151/10152; solo e subsolo; multas de 200–2.000 UFESP
140,Tít. II — Cap. XV,Poluição do ar e das águas,ALTERADO,69–90,Capítulo ampliado: escala Ringelmann; odores; poluição sonora por NBR 10151/10152; solo e subsolo; multas de 200–2.000 UFESP
141,Tít. II — Cap. XVI,Limpeza dos terrenos,ALTERADO,91–101,"Obrigações mantidas (muro; drenagem; pragas); multa fixa de R$ 15.067,25 substituída por multa DIÁRIA de 380–432 UFESP; execução pela Prefeitura com taxa de 100% mantida"
142,Tít. II — Cap. XVI,Limpeza dos terrenos,ALTERADO,91–101,"Obrigações mantidas (muro; drenagem; pragas); multa fixa de R$ 15.067,25 substituída por multa DIÁRIA de 380–432 UFESP; execução pela Prefeitura com taxa de 100% mantida"
143,Tít. II — Cap. XVI,Limpeza dos terrenos,ALTERADO,91–101,"Obrigações mantidas (muro; drenagem; pragas); multa fixa de R$ 15.067,25 substituída por multa DIÁRIA de 380–432 UFESP; execução pela Prefeitura com taxa de 100% mantida"
144,Tít. II — Cap. XVI,Limpeza dos terrenos,ALTERADO,91–101,"Obrigações mantidas (muro; drenagem; pragas); multa fixa de R$ 15.067,25 substituída por multa DIÁRIA de 380–432 UFESP; execução pela Prefeitura com taxa de 100% mantida"
145,Tít. II — Cap. XVI,Limpeza dos terrenos,ALTERADO,91–101,"Obrigações mantidas (muro; drenagem; pragas); multa fixa de R$ 15.067,25 substituída por multa DIÁRIA de 380–432 UFESP; execução pela Prefeitura com taxa de 100% mantida"
146,Tít. II — Cap. XVI,Limpeza dos terrenos,ALTERADO,91–101,"Obrigações mantidas (muro; drenagem; pragas); multa fixa de R$ 15.067,25 substituída por multa DIÁRIA de 380–432 UFESP; execução pela Prefeitura com taxa de 100% mantida"
147,Tít. II — Cap. XVI,Limpeza dos terrenos,ALTERADO,91–101,"Obrigações mantidas (muro; drenagem; pragas); multa fixa de R$ 15.067,25 substituída por multa DIÁRIA de 380–432 UFESP; execução pela Prefeitura com taxa de 100% mantida"
148,Tít. II — Cap. XVI,Limpeza dos terrenos,ALTERADO,91–101,"Obrigações mantidas (muro; drenagem; pragas); multa fixa de R$ 15.067,25 substituída por multa DIÁRIA de 380–432 UFESP; execução pela Prefeitura com taxa de 100% mantida"
149,Tít. II — Cap. XVI,Limpeza dos terrenos,ALTERADO,91–101,"Obrigações mantidas (muro; drenagem; pragas); multa fixa de R$ 15.067,25 substituída por multa DIÁRIA de 380–432 UFESP; execução pela Prefeitura com taxa de 100% mantida"
150,Tít. II — Cap. XVI,Limpeza dos terrenos,ALTERADO,91–101,"Obrigações mantidas (muro; drenagem; pragas); multa fixa de R$ 15.067,25 substituída por multa DIÁRIA de 380–432 UFESP; execução pela Prefeitura com taxa de 100% mantida"
151,Tít. II — Cap. XVI,Limpeza dos terrenos,ALTERADO,91–101,"Obrigações mantidas (muro; drenagem; pragas); multa fixa de R$ 15.067,25 substituída por multa DIÁRIA de 380–432 UFESP; execução pela Prefeitura com taxa de 100% mantida"
152,Tít. II — Cap. XVII,Cursos d'água e valas,CONDENSADO,102–104,Detalhes de capeamento e galerias suprimidos; autorização para intervenção em APP (novo)
153,Tít. II — Cap. XVII,Cursos d'água e valas,CONDENSADO,102–104,Detalhes de capeamento e galerias suprimidos; autorização para intervenção em APP (novo)
154,Tít. II — Cap. XVII,Cursos d'água e valas,CONDENSADO,102–104,Detalhes de capeamento e galerias suprimidos; autorização para intervenção em APP (novo)
155,Tít. II — Cap. XVII,Cursos d'água e valas,CONDENSADO,102–104,Detalhes de capeamento e galerias suprimidos; autorização para intervenção em APP (novo)
156,Tít. II — Cap. XVII,Cursos d'água e valas,CONDENSADO,102–104,Detalhes de capeamento e galerias suprimidos; autorização para intervenção em APP (novo)
157,Tít. II — Cap. XVII,Cursos d'água e valas,CONDENSADO,102–104,Detalhes de capeamento e galerias suprimidos; autorização para intervenção em APP (novo)
158,Tít. II — Cap. XVII,Cursos d'água e valas,CONDENSADO,102–104,Detalhes de capeamento e galerias suprimidos; autorização para intervenção em APP (novo)
159,Tít. II — Cap. XVII,Cursos d'água e valas,CONDENSADO,102–104,Detalhes de capeamento e galerias suprimidos; autorização para intervenção em APP (novo)
160,Tít. II — Cap. XVII,Cursos d'água e valas,CONDENSADO,102–104,Detalhes de capeamento e galerias suprimidos; autorização para intervenção em APP (novo)
161,Tít. II — Cap. XVII,Cursos d'água e valas,CONDENSADO,102–104,Detalhes de capeamento e galerias suprimidos; autorização para intervenção em APP (novo)
162,Tít. II — Cap. XVIII,Cemitérios,JA_REVOGADO,—,Capítulo quase todo já revogado (LC 712/2011); PLC não trata da matéria
163,Tít. II — Cap. XVIII,Cemitérios,JA_REVOGADO,—,Capítulo quase todo já revogado (LC 712/2011); PLC não trata da matéria
164,Tít. II — Cap. XVIII,Cemitérios,JA_REVOGADO,—,Capítulo quase todo já revogado (LC 712/2011); PLC não trata da matéria
165,Tít. II — Cap. XVIII,Cemitérios,JA_REVOGADO,—,Capítulo quase todo já revogado (LC 712/2011); PLC não trata da matéria
166,Tít. II — Cap. XVIII,Cemitérios,JA_REVOGADO,—,Capítulo quase todo já revogado (LC 712/2011); PLC não trata da matéria
167,Tít. II — Cap. XVIII,Cemitérios,JA_REVOGADO,—,Capítulo quase todo já revogado (LC 712/2011); PLC não trata da matéria
168,Tít. II — Cap. XVIII,Cemitérios,JA_REVOGADO,—,Capítulo quase todo já revogado (LC 712/2011); PLC não trata da matéria
169,Tít. II — Cap. XVIII,Cemitérios,JA_REVOGADO,—,Capítulo quase todo já revogado (LC 712/2011); PLC não trata da matéria
170,Tít. II — Cap. XVIII,Cemitérios,JA_REVOGADO,—,Capítulo quase todo já revogado (LC 712/2011); PLC não trata da matéria
171,Tít. II — Cap. XVIII,Cemitérios,JA_REVOGADO,—,Capítulo quase todo já revogado (LC 712/2011); PLC não trata da matéria
172,Tít. II — Cap. XVIII,Cemitérios,JA_REVOGADO,—,Capítulo quase todo já revogado (LC 712/2011); PLC não trata da matéria
173,Tít. II — Cap. XVIII,Cemitérios,JA_REVOGADO,—,Capítulo quase todo já revogado (LC 712/2011); PLC não trata da matéria
174,Tít. II — Cap. XVIII,Cemitérios,JA_REVOGADO,—,Capítulo quase todo já revogado (LC 712/2011); PLC não trata da matéria
175,Tít. II — Cap. XVIII,Cemitérios,JA_REVOGADO,—,Capítulo quase todo já revogado (LC 712/2011); PLC não trata da matéria
176,Tít. II — Cap. XVIII,Cemitérios,JA_REVOGADO,—,Capítulo quase todo já revogado (LC 712/2011); PLC não trata da matéria
177,Tít. II — Cap. XVIII,Cemitérios,JA_REVOGADO,—,Capítulo quase todo já revogado (LC 712/2011); PLC não trata da matéria
178,Tít. II — Cap. XVIII,Cemitérios,JA_REVOGADO,—,Capítulo quase todo já revogado (LC 712/2011); PLC não trata da matéria
179,Tít. II — Cap. XVIII,Cemitérios,JA_REVOGADO,—,Capítulo quase todo já revogado (LC 712/2011); PLC não trata da matéria
180,Tít. II — Cap. XVIII,Cemitérios,JA_REVOGADO,—,Capítulo quase todo já revogado (LC 712/2011); PLC não trata da matéria
181,Tít. II — Cap. XVIII,Cemitérios,JA_REVOGADO,—,Capítulo quase todo já revogado (LC 712/2011); PLC não trata da matéria
182,Tít. II — Cap. XVIII,Cemitérios,JA_REVOGADO,—,Capítulo quase todo já revogado (LC 712/2011); PLC não trata da matéria
183,Tít. II — Cap. XVIII,Cemitérios,JA_REVOGADO,—,Capítulo quase todo já revogado (LC 712/2011); PLC não trata da matéria
184,Tít. II — Cap. XVIII,Cemitérios,JA_REVOGADO,—,Capítulo quase todo já revogado (LC 712/2011); PLC não trata da matéria
185,Tít. II — Cap. XVIII,Cemitérios,JA_REVOGADO,—,Capítulo quase todo já revogado (LC 712/2011); PLC não trata da matéria
186,Tít. III — Cap. I,Bem-estar público (disposição preliminar),ALTERADO,128,Mantido; suprimida a menção a nascituros/fumo por gestantes (LC 733/2011)
187,Tít. III — Cap. II,Moralidade pública,CONDENSADO,142,Censura a publicações obscenas desaparece; responsabilidade do vendedor de bebidas pela ordem mantida
188,Tít. III — Cap. II,Moralidade pública,CONDENSADO,142,Censura a publicações obscenas desaparece; responsabilidade do vendedor de bebidas pela ordem mantida
189,Tít. III — Cap. III,Respeito aos locais de culto,REVOGADO_SEM_CORRESPONDENTE,—,Proteção específica desaparece; sinos disciplinados no art. 138 IV do PLC
190,Tít. III — Cap. III,Respeito aos locais de culto,REVOGADO_SEM_CORRESPONDENTE,—,Proteção específica desaparece; sinos disciplinados no art. 138 IV do PLC
191,Tít. III — Cap. IV,Sossego público,ALTERADO,83–86; 137–143,Limites migram para NBR 10151/10152; rol de tolerâncias reescrito (carnaval; artistas de rua; cultos; obras 8h–18h); fogos de estampido seguem proibidos (139); apreensão de equipamentos
192,Tít. III — Cap. IV,Sossego público,ALTERADO,83–86; 137–143,Limites migram para NBR 10151/10152; rol de tolerâncias reescrito (carnaval; artistas de rua; cultos; obras 8h–18h); fogos de estampido seguem proibidos (139); apreensão de equipamentos
193,Tít. III — Cap. IV,Sossego público,ALTERADO,83–86; 137–143,Limites migram para NBR 10151/10152; rol de tolerâncias reescrito (carnaval; artistas de rua; cultos; obras 8h–18h); fogos de estampido seguem proibidos (139); apreensão de equipamentos
194,Tít. III — Cap. IV,Sossego público,ALTERADO,83–86; 137–143,Limites migram para NBR 10151/10152; rol de tolerâncias reescrito (carnaval; artistas de rua; cultos; obras 8h–18h); fogos de estampido seguem proibidos (139); apreensão de equipamentos
195,Tít. III — Cap. IV,Sossego público,ALTERADO,83–86; 137–143,Limites migram para NBR 10151/10152; rol de tolerâncias reescrito (carnaval; artistas de rua; cultos; obras 8h–18h); fogos de estampido seguem proibidos (139); apreensão de equipamentos
196,Tít. III — Cap. IV,Sossego público,ALTERADO,83–86; 137–143,Limites migram para NBR 10151/10152; rol de tolerâncias reescrito (carnaval; artistas de rua; cultos; obras 8h–18h); fogos de estampido seguem proibidos (139); apreensão de equipamentos
197,Tít. III — Cap. IV,Sossego público,ALTERADO,83–86; 137–143,Limites migram para NBR 10151/10152; rol de tolerâncias reescrito (carnaval; artistas de rua; cultos; obras 8h–18h); fogos de estampido seguem proibidos (139); apreensão de equipamentos
198,Tít. III — Cap. IV,Sossego público,ALTERADO,83–86; 137–143,Limites migram para NBR 10151/10152; rol de tolerâncias reescrito (carnaval; artistas de rua; cultos; obras 8h–18h); fogos de estampido seguem proibidos (139); apreensão de equipamentos
199,Tít. III — Cap. IV,Sossego público,ALTERADO,83–86; 137–143,Limites migram para NBR 10151/10152; rol de tolerâncias reescrito (carnaval; artistas de rua; cultos; obras 8h–18h); fogos de estampido seguem proibidos (139); apreensão de equipamentos
200,Tít. III — Cap. IV,Sossego público,ALTERADO,83–86; 137–143,Limites migram para NBR 10151/10152; rol de tolerâncias reescrito (carnaval; artistas de rua; cultos; obras 8h–18h); fogos de estampido seguem proibidos (139); apreensão de equipamentos
201,Tít. III — Cap. IV,Sossego público,ALTERADO,83–86; 137–143,Limites migram para NBR 10151/10152; rol de tolerâncias reescrito (carnaval; artistas de rua; cultos; obras 8h–18h); fogos de estampido seguem proibidos (139); apreensão de equipamentos
202,Tít. III — Cap. IV,Sossego público,ALTERADO,83–86; 137–143,Limites migram para NBR 10151/10152; rol de tolerâncias reescrito (carnaval; artistas de rua; cultos; obras 8h–18h); fogos de estampido seguem proibidos (139); apreensão de equipamentos
203,Tít. III — Cap. IV,Sossego público,ALTERADO,83–86; 137–143,Limites migram para NBR 10151/10152; rol de tolerâncias reescrito (carnaval; artistas de rua; cultos; obras 8h–18h); fogos de estampido seguem proibidos (139); apreensão de equipamentos
204,Tít. III — Cap. IV,Sossego público,ALTERADO,83–86; 137–143,Limites migram para NBR 10151/10152; rol de tolerâncias reescrito (carnaval; artistas de rua; cultos; obras 8h–18h); fogos de estampido seguem proibidos (139); apreensão de equipamentos
205,Tít. III — Cap. V (Seção I),Divertimentos e festejos públicos,CONDENSADO,144–145; 237–247,Licença prévia mantida; detalhes de ingressos e fantasias suprimidos
206,Tít. III — Cap. V (Seção I),Divertimentos e festejos públicos,CONDENSADO,144–145; 237–247,Licença prévia mantida; detalhes de ingressos e fantasias suprimidos
207,Tít. III — Cap. V (Seção I),Divertimentos e festejos públicos,CONDENSADO,144–145; 237–247,Licença prévia mantida; detalhes de ingressos e fantasias suprimidos
208,Tít. III — Cap. V (Seção I),Divertimentos e festejos públicos,CONDENSADO,144–145; 237–247,Licença prévia mantida; detalhes de ingressos e fantasias suprimidos
209,Tít. III — Cap. V (Seção I),Divertimentos e festejos públicos,CONDENSADO,144–145; 237–247,Licença prévia mantida; detalhes de ingressos e fantasias suprimidos
210,Tít. III — Cap. V (Seção I),Divertimentos e festejos públicos,CONDENSADO,144–145; 237–247,Licença prévia mantida; detalhes de ingressos e fantasias suprimidos
211,Tít. III — Cap. V (Seção I),Divertimentos e festejos públicos,CONDENSADO,144–145; 237–247,Licença prévia mantida; detalhes de ingressos e fantasias suprimidos
212,Tít. III — Cap. V (Seção I),Divertimentos e festejos públicos,CONDENSADO,144–145; 237–247,Licença prévia mantida; detalhes de ingressos e fantasias suprimidos
213,Tít. III — Cap. V (Seção II),Clubes esportivos amadores,REVOGADO_SEM_CORRESPONDENTE,—,Comissão Central de Esportes e registro de atletas desaparecem (regramento obsoleto)
214,Tít. III — Cap. V (Seção II),Clubes esportivos amadores,REVOGADO_SEM_CORRESPONDENTE,—,Comissão Central de Esportes e registro de atletas desaparecem (regramento obsoleto)
215,Tít. III — Cap. V (Seção II),Clubes esportivos amadores,REVOGADO_SEM_CORRESPONDENTE,—,Comissão Central de Esportes e registro de atletas desaparecem (regramento obsoleto)
216,Tít. III — Cap. V (Seção II),Clubes esportivos amadores,REVOGADO_SEM_CORRESPONDENTE,—,Comissão Central de Esportes e registro de atletas desaparecem (regramento obsoleto)
217,Tít. III — Cap. VI,Uso adequado das praias,ALTERADO,146–155,Prática esportiva remetida a decreto; proibição de equipamentos de som (148 IV); captura de Callichirus proibida (153; novo); barracas/tendas dependem de autorização; regramento geral por decreto (154)
218,Tít. III — Cap. VI,Uso adequado das praias,ALTERADO,146–155,Prática esportiva remetida a decreto; proibição de equipamentos de som (148 IV); captura de Callichirus proibida (153; novo); barracas/tendas dependem de autorização; regramento geral por decreto (154)
219,Tít. III — Cap. VI,Uso adequado das praias,ALTERADO,146–155,Prática esportiva remetida a decreto; proibição de equipamentos de som (148 IV); captura de Callichirus proibida (153; novo); barracas/tendas dependem de autorização; regramento geral por decreto (154)
220,Tít. III — Cap. VI,Uso adequado das praias,ALTERADO,146–155,Prática esportiva remetida a decreto; proibição de equipamentos de som (148 IV); captura de Callichirus proibida (153; novo); barracas/tendas dependem de autorização; regramento geral por decreto (154)
221,Tít. III — Cap. VI,Uso adequado das praias,ALTERADO,146–155,Prática esportiva remetida a decreto; proibição de equipamentos de som (148 IV); captura de Callichirus proibida (153; novo); barracas/tendas dependem de autorização; regramento geral por decreto (154)
222,Tít. III — Cap. VI,Uso adequado das praias,ALTERADO,146–155,Prática esportiva remetida a decreto; proibição de equipamentos de som (148 IV); captura de Callichirus proibida (153; novo); barracas/tendas dependem de autorização; regramento geral por decreto (154)
223,Tít. III — Cap. VII,Balneários e cabines,REVOGADO_SEM_CORRESPONDENTE,—,Sem correspondente
224,Tít. III — Cap. VII,Balneários e cabines,REVOGADO_SEM_CORRESPONDENTE,—,Sem correspondente
225,Tít. III — Cap. VIII (Seções I–II),Serviços e obras nos logradouros (225; 226; 226-A),ALTERADO,164–165,Licença prévia mantida; reparo emergencial com comunicação imediata; obrigações de concessionárias reforçadas no Tít. V Cap. IX
226,Tít. III — Cap. VIII (Seções I–II),Serviços e obras nos logradouros (225; 226; 226-A),ALTERADO,164–165,Licença prévia mantida; reparo emergencial com comunicação imediata; obrigações de concessionárias reforçadas no Tít. V Cap. IX
227,Tít. III — Cap. VIII (Seção II),Invasões e depredações,ALTERADO,169,Intimação prévia antes da demolição (novo)
228,Tít. III — Cap. VIII (Seção II),Invasões e depredações,ALTERADO,169,Intimação prévia antes da demolição (novo)
229,Tít. III — Cap. VIII (Seção III),Arborização pública,JA_REVOGADO,215–216,Já revogados pela LC 973/2017; PLC remete expressamente à LC 973/2017
230,Tít. III — Cap. VIII (Seção III),Arborização pública,JA_REVOGADO,215–216,Já revogados pela LC 973/2017; PLC remete expressamente à LC 973/2017
231,Tít. III — Cap. VIII (Seção IV),Tapumes; andaimes e materiais nos passeios,REVOGADO_SEM_CORRESPONDENTE,—,Matéria do Código de Edificações [Verificar]
232,Tít. III — Cap. VIII (Seção IV),Tapumes; andaimes e materiais nos passeios,REVOGADO_SEM_CORRESPONDENTE,—,Matéria do Código de Edificações [Verificar]
233,Tít. III — Cap. VIII (Seção V),Mesas e cadeiras em passeios,CONDENSADO,174,"Regra específica (faixa livre de 1,50 m) desaparece; ocupação genérica autorizada a título precário"
234,Tít. III — Cap. VIII (Seção V),Mesas e cadeiras em passeios,CONDENSADO,174,"Regra específica (faixa livre de 1,50 m) desaparece; ocupação genérica autorizada a título precário"
235,Tít. III — Cap. VIII (Seção VI),Coretos e palanques,CONDENSADO,144; 174,Absorvido pela licença de eventos e ocupação temporária
236,Tít. III — Cap. VIII (Seção VII),Barracas,CONDENSADO,173,Barracas juninas de fogos desaparecem (coerente com a proibição de fogos de estampido)
237,Tít. III — Cap. VIII (Seção VII),Barracas,CONDENSADO,173,Barracas juninas de fogos desaparecem (coerente com a proibição de fogos de estampido)
238,Tít. III — Cap. VIII (Seção VII),Barracas,CONDENSADO,173,Barracas juninas de fogos desaparecem (coerente com a proibição de fogos de estampido)
239,Tít. III — Cap. VIII (Seção VII),Barracas,CONDENSADO,173,Barracas juninas de fogos desaparecem (coerente com a proibição de fogos de estampido)
240,Tít. III — Cap. VIII (Seção VII),Barracas,CONDENSADO,173,Barracas juninas de fogos desaparecem (coerente com a proibição de fogos de estampido)
241,Tít. III — Cap. IX,Publicidade e propaganda (241–249; 249-A; 249-B),CONDENSADO,179–183,De ~20 artigos para 5; limite de 25% da fachada e prazos de licença suprimidos; colagem em postes/árvores proibida (180); panfletos em residências vedados (182); multa ao anunciante
242,Tít. III — Cap. IX,Publicidade e propaganda (241–249; 249-A; 249-B),CONDENSADO,179–183,De ~20 artigos para 5; limite de 25% da fachada e prazos de licença suprimidos; colagem em postes/árvores proibida (180); panfletos em residências vedados (182); multa ao anunciante
243,Tít. III — Cap. IX,Publicidade e propaganda (241–249; 249-A; 249-B),CONDENSADO,179–183,De ~20 artigos para 5; limite de 25% da fachada e prazos de licença suprimidos; colagem em postes/árvores proibida (180); panfletos em residências vedados (182); multa ao anunciante
244,Tít. III — Cap. IX,Publicidade e propaganda (241–249; 249-A; 249-B),CONDENSADO,179–183,De ~20 artigos para 5; limite de 25% da fachada e prazos de licença suprimidos; colagem em postes/árvores proibida (180); panfletos em residências vedados (182); multa ao anunciante
245,Tít. III — Cap. IX,Publicidade e propaganda (241–249; 249-A; 249-B),CONDENSADO,179–183,De ~20 artigos para 5; limite de 25% da fachada e prazos de licença suprimidos; colagem em postes/árvores proibida (180); panfletos em residências vedados (182); multa ao anunciante
246,Tít. III — Cap. IX,Publicidade e propaganda (241–249; 249-A; 249-B),CONDENSADO,179–183,De ~20 artigos para 5; limite de 25% da fachada e prazos de licença suprimidos; colagem em postes/árvores proibida (180); panfletos em residências vedados (182); multa ao anunciante
247,Tít. III — Cap. IX,Publicidade e propaganda (241–249; 249-A; 249-B),CONDENSADO,179–183,De ~20 artigos para 5; limite de 25% da fachada e prazos de licença suprimidos; colagem em postes/árvores proibida (180); panfletos em residências vedados (182); multa ao anunciante
248,Tít. III — Cap. IX,Publicidade e propaganda (241–249; 249-A; 249-B),CONDENSADO,179–183,De ~20 artigos para 5; limite de 25% da fachada e prazos de licença suprimidos; colagem em postes/árvores proibida (180); panfletos em residências vedados (182); multa ao anunciante
249,Tít. III — Cap. IX,Publicidade e propaganda (241–249; 249-A; 249-B),CONDENSADO,179–183,De ~20 artigos para 5; limite de 25% da fachada e prazos de licença suprimidos; colagem em postes/árvores proibida (180); panfletos em residências vedados (182); multa ao anunciante
250,Tít. III — Cap. X (Seção I),Conservação dos edifícios,ALTERADO,184–188,Pintura quinquenal obrigatória desaparece; interdição e demolição com rito detalhado; despesas +20% mantidas
251,Tít. III — Cap. X (Seção I),Conservação dos edifícios,ALTERADO,184–188,Pintura quinquenal obrigatória desaparece; interdição e demolição com rito detalhado; despesas +20% mantidas
252,Tít. III — Cap. X (Seção I),Conservação dos edifícios,ALTERADO,184–188,Pintura quinquenal obrigatória desaparece; interdição e demolição com rito detalhado; despesas +20% mantidas
253,Tít. III — Cap. X (Seção I),Conservação dos edifícios,ALTERADO,184–188,Pintura quinquenal obrigatória desaparece; interdição e demolição com rito detalhado; despesas +20% mantidas
254,Tít. III — Cap. X (Seção I),Conservação dos edifícios,ALTERADO,184–188,Pintura quinquenal obrigatória desaparece; interdição e demolição com rito detalhado; despesas +20% mantidas
255,Tít. III — Cap. X (Seção I),Conservação dos edifícios,ALTERADO,184–188,Pintura quinquenal obrigatória desaparece; interdição e demolição com rito detalhado; despesas +20% mantidas
256,Tít. III — Cap. X (Seção I),Conservação dos edifícios,ALTERADO,184–188,Pintura quinquenal obrigatória desaparece; interdição e demolição com rito detalhado; despesas +20% mantidas
257,Tít. III — Cap. X (Seção I),Conservação dos edifícios,ALTERADO,184–188,Pintura quinquenal obrigatória desaparece; interdição e demolição com rito detalhado; despesas +20% mantidas
258,Tít. III — Cap. X (Seção I),Conservação dos edifícios,ALTERADO,184–188,Pintura quinquenal obrigatória desaparece; interdição e demolição com rito detalhado; despesas +20% mantidas
259,Tít. III — Cap. X (Seção II),Utilização dos edifícios,REVOGADO_SEM_CORRESPONDENTE,—,Matéria do Código de Edificações e da lei de uso do solo
260,Tít. III — Cap. X (Seção II),Utilização dos edifícios,REVOGADO_SEM_CORRESPONDENTE,—,Matéria do Código de Edificações e da lei de uso do solo
261,Tít. III — Cap. X (Seção II),Utilização dos edifícios,REVOGADO_SEM_CORRESPONDENTE,—,Matéria do Código de Edificações e da lei de uso do solo
262,Tít. III — Cap. X (Seção II),Utilização dos edifícios,REVOGADO_SEM_CORRESPONDENTE,—,Matéria do Código de Edificações e da lei de uso do solo
263,Tít. III — Cap. X (Seção II),Utilização dos edifícios,REVOGADO_SEM_CORRESPONDENTE,—,Matéria do Código de Edificações e da lei de uso do solo
264,Tít. III — Cap. X (Seção II),Utilização dos edifícios,REVOGADO_SEM_CORRESPONDENTE,—,Matéria do Código de Edificações e da lei de uso do solo
265,Tít. III — Cap. X (Seção III),Iluminação de galerias e vitrinas,REVOGADO_SEM_CORRESPONDENTE,—,Obrigação de manter vitrinas acesas das 18h às 22h desaparece
266,Tít. III — Cap. X (Seção III),Iluminação de galerias e vitrinas,REVOGADO_SEM_CORRESPONDENTE,—,Obrigação de manter vitrinas acesas das 18h às 22h desaparece
267,Tít. III — Cap. X (Seção IV),Vitrinas; balcões e mostruários,REVOGADO_SEM_CORRESPONDENTE,—,Sem correspondente
268,Tít. III — Cap. X (Seção IV),Vitrinas; balcões e mostruários,REVOGADO_SEM_CORRESPONDENTE,—,Sem correspondente
269,Tít. III — Cap. X (Seção IV),Vitrinas; balcões e mostruários,REVOGADO_SEM_CORRESPONDENTE,—,Sem correspondente
270,Tít. III — Cap. X (Seção V),Estores,MANTIDO,189–191,Texto quase literal
271,Tít. III — Cap. X (Seção V),Estores,MANTIDO,189–191,Texto quase literal
272,Tít. III — Cap. X (Seção V),Estores,MANTIDO,189–191,Texto quase literal
273,Tít. III — Cap. X (Seção VI),Toldos,MANTIDO,192–194,Requisitos técnicos preservados; detalhes de recuo suprimidos
274,Tít. III — Cap. X (Seção VI),Toldos,MANTIDO,192–194,Requisitos técnicos preservados; detalhes de recuo suprimidos
275,Tít. III — Cap. X (Seção VI),Toldos,MANTIDO,192–194,Requisitos técnicos preservados; detalhes de recuo suprimidos
276,Tít. III — Cap. X (Seção VII),Mastros nas fachadas,REVOGADO_SEM_CORRESPONDENTE,—,Sem correspondente
277,Tít. III — Cap. XI,Muros; cercas e fechos divisórios,CONDENSADO,196–201,"Obrigação de murar terrenos mantida; altura padrão (2,20 m) e tipologias detalhadas suprimidas"
278,Tít. III — Cap. XI,Muros; cercas e fechos divisórios,CONDENSADO,196–201,"Obrigação de murar terrenos mantida; altura padrão (2,20 m) e tipologias detalhadas suprimidas"
279,Tít. III — Cap. XI,Muros; cercas e fechos divisórios,CONDENSADO,196–201,"Obrigação de murar terrenos mantida; altura padrão (2,20 m) e tipologias detalhadas suprimidas"
280,Tít. III — Cap. XI,Muros; cercas e fechos divisórios,CONDENSADO,196–201,"Obrigação de murar terrenos mantida; altura padrão (2,20 m) e tipologias detalhadas suprimidas"
281,Tít. III — Cap. XI,Muros; cercas e fechos divisórios,CONDENSADO,196–201,"Obrigação de murar terrenos mantida; altura padrão (2,20 m) e tipologias detalhadas suprimidas"
282,Tít. III — Cap. XI,Muros; cercas e fechos divisórios,CONDENSADO,196–201,"Obrigação de murar terrenos mantida; altura padrão (2,20 m) e tipologias detalhadas suprimidas"
283,Tít. III — Cap. XI,Muros; cercas e fechos divisórios,CONDENSADO,196–201,"Obrigação de murar terrenos mantida; altura padrão (2,20 m) e tipologias detalhadas suprimidas"
284,Tít. III — Cap. XI,Muros; cercas e fechos divisórios,CONDENSADO,196–201,"Obrigação de murar terrenos mantida; altura padrão (2,20 m) e tipologias detalhadas suprimidas"
285,Tít. III — Cap. XI,Muros; cercas e fechos divisórios,CONDENSADO,196–201,"Obrigação de murar terrenos mantida; altura padrão (2,20 m) e tipologias detalhadas suprimidas"
286,Tít. III — Cap. XII,Prevenção contra incêndios,REMETIDO,202–203,Remissão integral ao Corpo de Bombeiros e ao Código de Edificações; multa fixa de 405 UFESP
287,Tít. III — Cap. XII,Prevenção contra incêndios,REMETIDO,202–203,Remissão integral ao Corpo de Bombeiros e ao Código de Edificações; multa fixa de 405 UFESP
288,Tít. III — Cap. XII,Prevenção contra incêndios,REMETIDO,202–203,Remissão integral ao Corpo de Bombeiros e ao Código de Edificações; multa fixa de 405 UFESP
289,Tít. III — Cap. XII,Prevenção contra incêndios,REMETIDO,202–203,Remissão integral ao Corpo de Bombeiros e ao Código de Edificações; multa fixa de 405 UFESP
290,Tít. III — Cap. XIII,Animais (290–300; 300-A; 300-B),ALTERADO,204–214,Charretes/carroças proibidas (210 III); cães na praia em área/horário definidos (206); banho e tosa com câmeras mantido mas guarda de imagens cai de 60 para 30 dias e hotéis saem do rol (212) [Verificar]; maus-tratos com definição genérica
291,Tít. III — Cap. XIII,Animais (290–300; 300-A; 300-B),ALTERADO,204–214,Charretes/carroças proibidas (210 III); cães na praia em área/horário definidos (206); banho e tosa com câmeras mantido mas guarda de imagens cai de 60 para 30 dias e hotéis saem do rol (212) [Verificar]; maus-tratos com definição genérica
292,Tít. III — Cap. XIII,Animais (290–300; 300-A; 300-B),ALTERADO,204–214,Charretes/carroças proibidas (210 III); cães na praia em área/horário definidos (206); banho e tosa com câmeras mantido mas guarda de imagens cai de 60 para 30 dias e hotéis saem do rol (212) [Verificar]; maus-tratos com definição genérica
293,Tít. III — Cap. XIII,Animais (290–300; 300-A; 300-B),ALTERADO,204–214,Charretes/carroças proibidas (210 III); cães na praia em área/horário definidos (206); banho e tosa com câmeras mantido mas guarda de imagens cai de 60 para 30 dias e hotéis saem do rol (212) [Verificar]; maus-tratos com definição genérica
294,Tít. III — Cap. XIII,Animais (290–300; 300-A; 300-B),ALTERADO,204–214,Charretes/carroças proibidas (210 III); cães na praia em área/horário definidos (206); banho e tosa com câmeras mantido mas guarda de imagens cai de 60 para 30 dias e hotéis saem do rol (212) [Verificar]; maus-tratos com definição genérica
295,Tít. III — Cap. XIII,Animais (290–300; 300-A; 300-B),ALTERADO,204–214,Charretes/carroças proibidas (210 III); cães na praia em área/horário definidos (206); banho e tosa com câmeras mantido mas guarda de imagens cai de 60 para 30 dias e hotéis saem do rol (212) [Verificar]; maus-tratos com definição genérica
296,Tít. III — Cap. XIII,Animais (290–300; 300-A; 300-B),ALTERADO,204–214,Charretes/carroças proibidas (210 III); cães na praia em área/horário definidos (206); banho e tosa com câmeras mantido mas guarda de imagens cai de 60 para 30 dias e hotéis saem do rol (212) [Verificar]; maus-tratos com definição genérica
297,Tít. III — Cap. XIII,Animais (290–300; 300-A; 300-B),ALTERADO,204–214,Charretes/carroças proibidas (210 III); cães na praia em área/horário definidos (206); banho e tosa com câmeras mantido mas guarda de imagens cai de 60 para 30 dias e hotéis saem do rol (212) [Verificar]; maus-tratos com definição genérica
298,Tít. III — Cap. XIII,Animais (290–300; 300-A; 300-B),ALTERADO,204–214,Charretes/carroças proibidas (210 III); cães na praia em área/horário definidos (206); banho e tosa com câmeras mantido mas guarda de imagens cai de 60 para 30 dias e hotéis saem do rol (212) [Verificar]; maus-tratos com definição genérica
299,Tít. III — Cap. XIII,Animais (290–300; 300-A; 300-B),ALTERADO,204–214,Charretes/carroças proibidas (210 III); cães na praia em área/horário definidos (206); banho e tosa com câmeras mantido mas guarda de imagens cai de 60 para 30 dias e hotéis saem do rol (212) [Verificar]; maus-tratos com definição genérica
300,Tít. III — Cap. XIII,Animais (290–300; 300-A; 300-B),ALTERADO,204–214,Charretes/carroças proibidas (210 III); cães na praia em área/horário definidos (206); banho e tosa com câmeras mantido mas guarda de imagens cai de 60 para 30 dias e hotéis saem do rol (212) [Verificar]; maus-tratos com definição genérica
301,Tít. III — Cap. XIV,Queimadas e cortes de árvores,CONDENSADO,141; 215–216,Fogueiras em logradouros proibidas (141); supressão de vegetação regida pela legislação ambiental
302,Tít. III — Cap. XIV,Queimadas e cortes de árvores,CONDENSADO,141; 215–216,Fogueiras em logradouros proibidas (141); supressão de vegetação regida pela legislação ambiental
303,Tít. III — Cap. XIV,Queimadas e cortes de árvores,CONDENSADO,141; 215–216,Fogueiras em logradouros proibidas (141); supressão de vegetação regida pela legislação ambiental
304,Tít. III — Cap. XIV,Queimadas e cortes de árvores,CONDENSADO,141; 215–216,Fogueiras em logradouros proibidas (141); supressão de vegetação regida pela legislação ambiental
305,Tít. III — Cap. XIV,Queimadas e cortes de árvores,CONDENSADO,141; 215–216,Fogueiras em logradouros proibidas (141); supressão de vegetação regida pela legislação ambiental
306,Tít. III — Cap. XIV,Queimadas e cortes de árvores,CONDENSADO,141; 215–216,Fogueiras em logradouros proibidas (141); supressão de vegetação regida pela legislação ambiental
307,Tít. III — Cap. XV,Extinção de formigueiros,CONDENSADO,58–64,Absorvido pelo capítulo de controle de zoonoses
308,Tít. III — Cap. XV,Extinção de formigueiros,CONDENSADO,58–64,Absorvido pelo capítulo de controle de zoonoses
309,Tít. IV,Instalações elétricas e mecânicas (118 artigos),REMETIDO,217–220,Título inteiro suprimido (projetos elétricos; caldeiras; elevadores; ascensoristas; escadas rolantes); elevadores e cabines de alta tensão remetidos ao Código de Edificações/ABNT
310,Tít. IV,Instalações elétricas e mecânicas (118 artigos),REMETIDO,217–220,Título inteiro suprimido (projetos elétricos; caldeiras; elevadores; ascensoristas; escadas rolantes); elevadores e cabines de alta tensão remetidos ao Código de Edificações/ABNT
311,Tít. IV,Instalações elétricas e mecânicas (118 artigos),REMETIDO,217–220,Título inteiro suprimido (projetos elétricos; caldeiras; elevadores; ascensoristas; escadas rolantes); elevadores e cabines de alta tensão remetidos ao Código de Edificações/ABNT
312,Tít. IV,Instalações elétricas e mecânicas (118 artigos),REMETIDO,217–220,Título inteiro suprimido (projetos elétricos; caldeiras; elevadores; ascensoristas; escadas rolantes); elevadores e cabines de alta tensão remetidos ao Código de Edificações/ABNT
313,Tít. IV,Instalações elétricas e mecânicas (118 artigos),REMETIDO,217–220,Título inteiro suprimido (projetos elétricos; caldeiras; elevadores; ascensoristas; escadas rolantes); elevadores e cabines de alta tensão remetidos ao Código de Edificações/ABNT
314,Tít. IV,Instalações elétricas e mecânicas (118 artigos),REMETIDO,217–220,Título inteiro suprimido (projetos elétricos; caldeiras; elevadores; ascensoristas; escadas rolantes); elevadores e cabines de alta tensão remetidos ao Código de Edificações/ABNT
315,Tít. IV,Instalações elétricas e mecânicas (118 artigos),REMETIDO,217–220,Título inteiro suprimido (projetos elétricos; caldeiras; elevadores; ascensoristas; escadas rolantes); elevadores e cabines de alta tensão remetidos ao Código de Edificações/ABNT
316,Tít. IV,Instalações elétricas e mecânicas (118 artigos),REMETIDO,217–220,Título inteiro suprimido (projetos elétricos; caldeiras; elevadores; ascensoristas; escadas rolantes); elevadores e cabines de alta tensão remetidos ao Código de Edificações/ABNT
317,Tít. IV,Instalações elétricas e mecânicas (118 artigos),REMETIDO,217–220,Título inteiro suprimido (projetos elétricos; caldeiras; elevadores; ascensoristas; escadas rolantes); elevadores e cabines de alta tensão remetidos ao Código de Edificações/ABNT
318,Tít. IV,Instalações elétricas e mecânicas (118 artigos),REMETIDO,217–220,Título inteiro suprimido (projetos elétricos; caldeiras; elevadores; ascensoristas; escadas rolantes); elevadores e cabines de alta tensão remetidos ao Código de Edificações/ABNT
319,Tít. IV,Instalações elétricas e mecânicas (118 artigos),REMETIDO,217–220,Título inteiro suprimido (projetos elétricos; caldeiras; elevadores; ascensoristas; escadas rolantes); elevadores e cabines de alta tensão remetidos ao Código de Edificações/ABNT
320,Tít. IV,Instalações elétricas e mecânicas (118 artigos),REMETIDO,217–220,Título inteiro suprimido (projetos elétricos; caldeiras; elevadores; ascensoristas; escadas rolantes); elevadores e cabines de alta tensão remetidos ao Código de Edificações/ABNT
321,Tít. IV,Instalações elétricas e mecânicas (118 artigos),REMETIDO,217–220,Título inteiro suprimido (projetos elétricos; caldeiras; elevadores; ascensoristas; escadas rolantes); elevadores e cabines de alta tensão remetidos ao Código de Edificações/ABNT
322,Tít. IV,Instalações elétricas e mecânicas (118 artigos),REMETIDO,217–220,Título inteiro suprimido (projetos elétricos; caldeiras; elevadores; ascensoristas; escadas rolantes); elevadores e cabines de alta tensão remetidos ao Código de Edificações/ABNT
323,Tít. IV,Instalações elétricas e mecânicas (118 artigos),REMETIDO,217–220,Título inteiro suprimido (projetos elétricos; caldeiras; elevadores; ascensoristas; escadas rolantes); elevadores e cabines de alta tensão remetidos ao Código de Edificações/ABNT
324,Tít. IV,Instalações elétricas e mecânicas (118 artigos),REMETIDO,217–220,Título inteiro suprimido (projetos elétricos; caldeiras; elevadores; ascensoristas; escadas rolantes); elevadores e cabines de alta tensão remetidos ao Código de Edificações/ABNT
325,Tít. IV,Instalações elétricas e mecânicas (118 artigos),REMETIDO,217–220,Título inteiro suprimido (projetos elétricos; caldeiras; elevadores; ascensoristas; escadas rolantes); elevadores e cabines de alta tensão remetidos ao Código de Edificações/ABNT
326,Tít. IV,Instalações elétricas e mecânicas (118 artigos),REMETIDO,217–220,Título inteiro suprimido (projetos elétricos; caldeiras; elevadores; ascensoristas; escadas rolantes); elevadores e cabines de alta tensão remetidos ao Código de Edificações/ABNT
327,Tít. IV,Instalações elétricas e mecânicas (118 artigos),REMETIDO,217–220,Título inteiro suprimido (projetos elétricos; caldeiras; elevadores; ascensoristas; escadas rolantes); elevadores e cabines de alta tensão remetidos ao Código de Edificações/ABNT
328,Tít. IV,Instalações elétricas e mecânicas (118 artigos),REMETIDO,217–220,Título inteiro suprimido (projetos elétricos; caldeiras; elevadores; ascensoristas; escadas rolantes); elevadores e cabines de alta tensão remetidos ao Código de Edificações/ABNT
329,Tít. IV,Instalações elétricas e mecânicas (118 artigos),REMETIDO,217–220,Título inteiro suprimido (projetos elétricos; caldeiras; elevadores; ascensoristas; escadas rolantes); elevadores e cabines de alta tensão remetidos ao Código de Edificações/ABNT
330,Tít. IV,Instalações elétricas e mecânicas (118 artigos),REMETIDO,217–220,Título inteiro suprimido (projetos elétricos; caldeiras; elevadores; ascensoristas; escadas rolantes); elevadores e cabines de alta tensão remetidos ao Código de Edificações/ABNT
331,Tít. IV,Instalações elétricas e mecânicas (118 artigos),REMETIDO,217–220,Título inteiro suprimido (projetos elétricos; caldeiras; elevadores; ascensoristas; escadas rolantes); elevadores e cabines de alta tensão remetidos ao Código de Edificações/ABNT
332,Tít. IV,Instalações elétricas e mecânicas (118 artigos),REMETIDO,217–220,Título inteiro suprimido (projetos elétricos; caldeiras; elevadores; ascensoristas; escadas rolantes); elevadores e cabines de alta tensão remetidos ao Código de Edificações/ABNT
333,Tít. IV,Instalações elétricas e mecânicas (118 artigos),REMETIDO,217–220,Título inteiro suprimido (projetos elétricos; caldeiras; elevadores; ascensoristas; escadas rolantes); elevadores e cabines de alta tensão remetidos ao Código de Edificações/ABNT
334,Tít. IV,Instalações elétricas e mecânicas (118 artigos),REMETIDO,217–220,Título inteiro suprimido (projetos elétricos; caldeiras; elevadores; ascensoristas; escadas rolantes); elevadores e cabines de alta tensão remetidos ao Código de Edificações/ABNT
335,Tít. IV,Instalações elétricas e mecânicas (118 artigos),REMETIDO,217–220,Título inteiro suprimido (projetos elétricos; caldeiras; elevadores; ascensoristas; escadas rolantes); elevadores e cabines de alta tensão remetidos ao Código de Edificações/ABNT
336,Tít. IV,Instalações elétricas e mecânicas (118 artigos),REMETIDO,217–220,Título inteiro suprimido (projetos elétricos; caldeiras; elevadores; ascensoristas; escadas rolantes); elevadores e cabines de alta tensão remetidos ao Código de Edificações/ABNT
337,Tít. IV,Instalações elétricas e mecânicas (118 artigos),REMETIDO,217–220,Título inteiro suprimido (projetos elétricos; caldeiras; elevadores; ascensoristas; escadas rolantes); elevadores e cabines de alta tensão remetidos ao Código de Edificações/ABNT
338,Tít. IV,Instalações elétricas e mecânicas (118 artigos),REMETIDO,217–220,Título inteiro suprimido (projetos elétricos; caldeiras; elevadores; ascensoristas; escadas rolantes); elevadores e cabines de alta tensão remetidos ao Código de Edificações/ABNT
339,Tít. IV,Instalações elétricas e mecânicas (118 artigos),REMETIDO,217–220,Título inteiro suprimido (projetos elétricos; caldeiras; elevadores; ascensoristas; escadas rolantes); elevadores e cabines de alta tensão remetidos ao Código de Edificações/ABNT
340,Tít. IV,Instalações elétricas e mecânicas (118 artigos),REMETIDO,217–220,Título inteiro suprimido (projetos elétricos; caldeiras; elevadores; ascensoristas; escadas rolantes); elevadores e cabines de alta tensão remetidos ao Código de Edificações/ABNT
341,Tít. IV,Instalações elétricas e mecânicas (118 artigos),REMETIDO,217–220,Título inteiro suprimido (projetos elétricos; caldeiras; elevadores; ascensoristas; escadas rolantes); elevadores e cabines de alta tensão remetidos ao Código de Edificações/ABNT
342,Tít. IV,Instalações elétricas e mecânicas (118 artigos),REMETIDO,217–220,Título inteiro suprimido (projetos elétricos; caldeiras; elevadores; ascensoristas; escadas rolantes); elevadores e cabines de alta tensão remetidos ao Código de Edificações/ABNT
343,Tít. IV,Instalações elétricas e mecânicas (118 artigos),REMETIDO,217–220,Título inteiro suprimido (projetos elétricos; caldeiras; elevadores; ascensoristas; escadas rolantes); elevadores e cabines de alta tensão remetidos ao Código de Edificações/ABNT
344,Tít. IV,Instalações elétricas e mecânicas (118 artigos),REMETIDO,217–220,Título inteiro suprimido (projetos elétricos; caldeiras; elevadores; ascensoristas; escadas rolantes); elevadores e cabines de alta tensão remetidos ao Código de Edificações/ABNT
345,Tít. IV,Instalações elétricas e mecânicas (118 artigos),REMETIDO,217–220,Título inteiro suprimido (projetos elétricos; caldeiras; elevadores; ascensoristas; escadas rolantes); elevadores e cabines de alta tensão remetidos ao Código de Edificações/ABNT
346,Tít. IV,Instalações elétricas e mecânicas (118 artigos),REMETIDO,217–220,Título inteiro suprimido (projetos elétricos; caldeiras; elevadores; ascensoristas; escadas rolantes); elevadores e cabines de alta tensão remetidos ao Código de Edificações/ABNT
347,Tít. IV,Instalações elétricas e mecânicas (118 artigos),REMETIDO,217–220,Título inteiro suprimido (projetos elétricos; caldeiras; elevadores; ascensoristas; escadas rolantes); elevadores e cabines de alta tensão remetidos ao Código de Edificações/ABNT
348,Tít. IV,Instalações elétricas e mecânicas (118 artigos),REMETIDO,217–220,Título inteiro suprimido (projetos elétricos; caldeiras; elevadores; ascensoristas; escadas rolantes); elevadores e cabines de alta tensão remetidos ao Código de Edificações/ABNT
349,Tít. IV,Instalações elétricas e mecânicas (118 artigos),REMETIDO,217–220,Título inteiro suprimido (projetos elétricos; caldeiras; elevadores; ascensoristas; escadas rolantes); elevadores e cabines de alta tensão remetidos ao Código de Edificações/ABNT
350,Tít. IV,Instalações elétricas e mecânicas (118 artigos),REMETIDO,217–220,Título inteiro suprimido (projetos elétricos; caldeiras; elevadores; ascensoristas; escadas rolantes); elevadores e cabines de alta tensão remetidos ao Código de Edificações/ABNT
351,Tít. IV,Instalações elétricas e mecânicas (118 artigos),REMETIDO,217–220,Título inteiro suprimido (projetos elétricos; caldeiras; elevadores; ascensoristas; escadas rolantes); elevadores e cabines de alta tensão remetidos ao Código de Edificações/ABNT
352,Tít. IV,Instalações elétricas e mecânicas (118 artigos),REMETIDO,217–220,Título inteiro suprimido (projetos elétricos; caldeiras; elevadores; ascensoristas; escadas rolantes); elevadores e cabines de alta tensão remetidos ao Código de Edificações/ABNT
353,Tít. IV,Instalações elétricas e mecânicas (118 artigos),REMETIDO,217–220,Título inteiro suprimido (projetos elétricos; caldeiras; elevadores; ascensoristas; escadas rolantes); elevadores e cabines de alta tensão remetidos ao Código de Edificações/ABNT
354,Tít. IV,Instalações elétricas e mecânicas (118 artigos),REMETIDO,217–220,Título inteiro suprimido (projetos elétricos; caldeiras; elevadores; ascensoristas; escadas rolantes); elevadores e cabines de alta tensão remetidos ao Código de Edificações/ABNT
355,Tít. IV,Instalações elétricas e mecânicas (118 artigos),REMETIDO,217–220,Título inteiro suprimido (projetos elétricos; caldeiras; elevadores; ascensoristas; escadas rolantes); elevadores e cabines de alta tensão remetidos ao Código de Edificações/ABNT
356,Tít. IV,Instalações elétricas e mecânicas (118 artigos),REMETIDO,217–220,Título inteiro suprimido (projetos elétricos; caldeiras; elevadores; ascensoristas; escadas rolantes); elevadores e cabines de alta tensão remetidos ao Código de Edificações/ABNT
357,Tít. IV,Instalações elétricas e mecânicas (118 artigos),REMETIDO,217–220,Título inteiro suprimido (projetos elétricos; caldeiras; elevadores; ascensoristas; escadas rolantes); elevadores e cabines de alta tensão remetidos ao Código de Edificações/ABNT
358,Tít. IV,Instalações elétricas e mecânicas (118 artigos),REMETIDO,217–220,Título inteiro suprimido (projetos elétricos; caldeiras; elevadores; ascensoristas; escadas rolantes); elevadores e cabines de alta tensão remetidos ao Código de Edificações/ABNT
359,Tít. IV,Instalações elétricas e mecânicas (118 artigos),REMETIDO,217–220,Título inteiro suprimido (projetos elétricos; caldeiras; elevadores; ascensoristas; escadas rolantes); elevadores e cabines de alta tensão remetidos ao Código de Edificações/ABNT
360,Tít. IV,Instalações elétricas e mecânicas (118 artigos),REMETIDO,217–220,Título inteiro suprimido (projetos elétricos; caldeiras; elevadores; ascensoristas; escadas rolantes); elevadores e cabines de alta tensão remetidos ao Código de Edificações/ABNT
361,Tít. IV,Instalações elétricas e mecânicas (118 artigos),REMETIDO,217–220,Título inteiro suprimido (projetos elétricos; caldeiras; elevadores; ascensoristas; escadas rolantes); elevadores e cabines de alta tensão remetidos ao Código de Edificações/ABNT
362,Tít. IV,Instalações elétricas e mecânicas (118 artigos),REMETIDO,217–220,Título inteiro suprimido (projetos elétricos; caldeiras; elevadores; ascensoristas; escadas rolantes); elevadores e cabines de alta tensão remetidos ao Código de Edificações/ABNT
363,Tít. IV,Instalações elétricas e mecânicas (118 artigos),REMETIDO,217–220,Título inteiro suprimido (projetos elétricos; caldeiras; elevadores; ascensoristas; escadas rolantes); elevadores e cabines de alta tensão remetidos ao Código de Edificações/ABNT
364,Tít. IV,Instalações elétricas e mecânicas (118 artigos),REMETIDO,217–220,Título inteiro suprimido (projetos elétricos; caldeiras; elevadores; ascensoristas; escadas rolantes); elevadores e cabines de alta tensão remetidos ao Código de Edificações/ABNT
365,Tít. IV,Instalações elétricas e mecânicas (118 artigos),REMETIDO,217–220,Título inteiro suprimido (projetos elétricos; caldeiras; elevadores; ascensoristas; escadas rolantes); elevadores e cabines de alta tensão remetidos ao Código de Edificações/ABNT
366,Tít. IV,Instalações elétricas e mecânicas (118 artigos),REMETIDO,217–220,Título inteiro suprimido (projetos elétricos; caldeiras; elevadores; ascensoristas; escadas rolantes); elevadores e cabines de alta tensão remetidos ao Código de Edificações/ABNT
367,Tít. IV,Instalações elétricas e mecânicas (118 artigos),REMETIDO,217–220,Título inteiro suprimido (projetos elétricos; caldeiras; elevadores; ascensoristas; escadas rolantes); elevadores e cabines de alta tensão remetidos ao Código de Edificações/ABNT
368,Tít. IV,Instalações elétricas e mecânicas (118 artigos),REMETIDO,217–220,Título inteiro suprimido (projetos elétricos; caldeiras; elevadores; ascensoristas; escadas rolantes); elevadores e cabines de alta tensão remetidos ao Código de Edificações/ABNT
369,Tít. IV,Instalações elétricas e mecânicas (118 artigos),REMETIDO,217–220,Título inteiro suprimido (projetos elétricos; caldeiras; elevadores; ascensoristas; escadas rolantes); elevadores e cabines de alta tensão remetidos ao Código de Edificações/ABNT
370,Tít. IV,Instalações elétricas e mecânicas (118 artigos),REMETIDO,217–220,Título inteiro suprimido (projetos elétricos; caldeiras; elevadores; ascensoristas; escadas rolantes); elevadores e cabines de alta tensão remetidos ao Código de Edificações/ABNT
371,Tít. IV,Instalações elétricas e mecânicas (118 artigos),REMETIDO,217–220,Título inteiro suprimido (projetos elétricos; caldeiras; elevadores; ascensoristas; escadas rolantes); elevadores e cabines de alta tensão remetidos ao Código de Edificações/ABNT
372,Tít. IV,Instalações elétricas e mecânicas (118 artigos),REMETIDO,217–220,Título inteiro suprimido (projetos elétricos; caldeiras; elevadores; ascensoristas; escadas rolantes); elevadores e cabines de alta tensão remetidos ao Código de Edificações/ABNT
373,Tít. IV,Instalações elétricas e mecânicas (118 artigos),REMETIDO,217–220,Título inteiro suprimido (projetos elétricos; caldeiras; elevadores; ascensoristas; escadas rolantes); elevadores e cabines de alta tensão remetidos ao Código de Edificações/ABNT
374,Tít. IV,Instalações elétricas e mecânicas (118 artigos),REMETIDO,217–220,Título inteiro suprimido (projetos elétricos; caldeiras; elevadores; ascensoristas; escadas rolantes); elevadores e cabines de alta tensão remetidos ao Código de Edificações/ABNT
375,Tít. IV,Instalações elétricas e mecânicas (118 artigos),REMETIDO,217–220,Título inteiro suprimido (projetos elétricos; caldeiras; elevadores; ascensoristas; escadas rolantes); elevadores e cabines de alta tensão remetidos ao Código de Edificações/ABNT
376,Tít. IV,Instalações elétricas e mecânicas (118 artigos),REMETIDO,217–220,Título inteiro suprimido (projetos elétricos; caldeiras; elevadores; ascensoristas; escadas rolantes); elevadores e cabines de alta tensão remetidos ao Código de Edificações/ABNT
377,Tít. IV,Instalações elétricas e mecânicas (118 artigos),REMETIDO,217–220,Título inteiro suprimido (projetos elétricos; caldeiras; elevadores; ascensoristas; escadas rolantes); elevadores e cabines de alta tensão remetidos ao Código de Edificações/ABNT
378,Tít. IV,Instalações elétricas e mecânicas (118 artigos),REMETIDO,217–220,Título inteiro suprimido (projetos elétricos; caldeiras; elevadores; ascensoristas; escadas rolantes); elevadores e cabines de alta tensão remetidos ao Código de Edificações/ABNT
379,Tít. IV,Instalações elétricas e mecânicas (118 artigos),REMETIDO,217–220,Título inteiro suprimido (projetos elétricos; caldeiras; elevadores; ascensoristas; escadas rolantes); elevadores e cabines de alta tensão remetidos ao Código de Edificações/ABNT
380,Tít. IV,Instalações elétricas e mecânicas (118 artigos),REMETIDO,217–220,Título inteiro suprimido (projetos elétricos; caldeiras; elevadores; ascensoristas; escadas rolantes); elevadores e cabines de alta tensão remetidos ao Código de Edificações/ABNT
381,Tít. IV,Instalações elétricas e mecânicas (118 artigos),REMETIDO,217–220,Título inteiro suprimido (projetos elétricos; caldeiras; elevadores; ascensoristas; escadas rolantes); elevadores e cabines de alta tensão remetidos ao Código de Edificações/ABNT
382,Tít. IV,Instalações elétricas e mecânicas (118 artigos),REMETIDO,217–220,Título inteiro suprimido (projetos elétricos; caldeiras; elevadores; ascensoristas; escadas rolantes); elevadores e cabines de alta tensão remetidos ao Código de Edificações/ABNT
383,Tít. IV,Instalações elétricas e mecânicas (118 artigos),REMETIDO,217–220,Título inteiro suprimido (projetos elétricos; caldeiras; elevadores; ascensoristas; escadas rolantes); elevadores e cabines de alta tensão remetidos ao Código de Edificações/ABNT
384,Tít. IV,Instalações elétricas e mecânicas (118 artigos),REMETIDO,217–220,Título inteiro suprimido (projetos elétricos; caldeiras; elevadores; ascensoristas; escadas rolantes); elevadores e cabines de alta tensão remetidos ao Código de Edificações/ABNT
385,Tít. IV,Instalações elétricas e mecânicas (118 artigos),REMETIDO,217–220,Título inteiro suprimido (projetos elétricos; caldeiras; elevadores; ascensoristas; escadas rolantes); elevadores e cabines de alta tensão remetidos ao Código de Edificações/ABNT
386,Tít. IV,Instalações elétricas e mecânicas (118 artigos),REMETIDO,217–220,Título inteiro suprimido (projetos elétricos; caldeiras; elevadores; ascensoristas; escadas rolantes); elevadores e cabines de alta tensão remetidos ao Código de Edificações/ABNT
387,Tít. IV,Instalações elétricas e mecânicas (118 artigos),REMETIDO,217–220,Título inteiro suprimido (projetos elétricos; caldeiras; elevadores; ascensoristas; escadas rolantes); elevadores e cabines de alta tensão remetidos ao Código de Edificações/ABNT
388,Tít. IV,Instalações elétricas e mecânicas (118 artigos),REMETIDO,217–220,Título inteiro suprimido (projetos elétricos; caldeiras; elevadores; ascensoristas; escadas rolantes); elevadores e cabines de alta tensão remetidos ao Código de Edificações/ABNT
389,Tít. IV,Instalações elétricas e mecânicas (118 artigos),REMETIDO,217–220,Título inteiro suprimido (projetos elétricos; caldeiras; elevadores; ascensoristas; escadas rolantes); elevadores e cabines de alta tensão remetidos ao Código de Edificações/ABNT
390,Tít. IV,Instalações elétricas e mecânicas (118 artigos),REMETIDO,217–220,Título inteiro suprimido (projetos elétricos; caldeiras; elevadores; ascensoristas; escadas rolantes); elevadores e cabines de alta tensão remetidos ao Código de Edificações/ABNT
391,Tít. IV,Instalações elétricas e mecânicas (118 artigos),REMETIDO,217–220,Título inteiro suprimido (projetos elétricos; caldeiras; elevadores; ascensoristas; escadas rolantes); elevadores e cabines de alta tensão remetidos ao Código de Edificações/ABNT
392,Tít. IV,Instalações elétricas e mecânicas (118 artigos),REMETIDO,217–220,Título inteiro suprimido (projetos elétricos; caldeiras; elevadores; ascensoristas; escadas rolantes); elevadores e cabines de alta tensão remetidos ao Código de Edificações/ABNT
393,Tít. IV,Instalações elétricas e mecânicas (118 artigos),REMETIDO,217–220,Título inteiro suprimido (projetos elétricos; caldeiras; elevadores; ascensoristas; escadas rolantes); elevadores e cabines de alta tensão remetidos ao Código de Edificações/ABNT
394,Tít. IV,Instalações elétricas e mecânicas (118 artigos),REMETIDO,217–220,Título inteiro suprimido (projetos elétricos; caldeiras; elevadores; ascensoristas; escadas rolantes); elevadores e cabines de alta tensão remetidos ao Código de Edificações/ABNT
395,Tít. IV,Instalações elétricas e mecânicas (118 artigos),REMETIDO,217–220,Título inteiro suprimido (projetos elétricos; caldeiras; elevadores; ascensoristas; escadas rolantes); elevadores e cabines de alta tensão remetidos ao Código de Edificações/ABNT
396,Tít. IV,Instalações elétricas e mecânicas (118 artigos),REMETIDO,217–220,Título inteiro suprimido (projetos elétricos; caldeiras; elevadores; ascensoristas; escadas rolantes); elevadores e cabines de alta tensão remetidos ao Código de Edificações/ABNT
397,Tít. IV,Instalações elétricas e mecânicas (118 artigos),REMETIDO,217–220,Título inteiro suprimido (projetos elétricos; caldeiras; elevadores; ascensoristas; escadas rolantes); elevadores e cabines de alta tensão remetidos ao Código de Edificações/ABNT
398,Tít. IV,Instalações elétricas e mecânicas (118 artigos),REMETIDO,217–220,Título inteiro suprimido (projetos elétricos; caldeiras; elevadores; ascensoristas; escadas rolantes); elevadores e cabines de alta tensão remetidos ao Código de Edificações/ABNT
399,Tít. IV,Instalações elétricas e mecânicas (118 artigos),REMETIDO,217–220,Título inteiro suprimido (projetos elétricos; caldeiras; elevadores; ascensoristas; escadas rolantes); elevadores e cabines de alta tensão remetidos ao Código de Edificações/ABNT
400,Tít. IV,Instalações elétricas e mecânicas (118 artigos),REMETIDO,217–220,Título inteiro suprimido (projetos elétricos; caldeiras; elevadores; ascensoristas; escadas rolantes); elevadores e cabines de alta tensão remetidos ao Código de Edificações/ABNT
401,Tít. IV,Instalações elétricas e mecânicas (118 artigos),REMETIDO,217–220,Título inteiro suprimido (projetos elétricos; caldeiras; elevadores; ascensoristas; escadas rolantes); elevadores e cabines de alta tensão remetidos ao Código de Edificações/ABNT
402,Tít. IV,Instalações elétricas e mecânicas (118 artigos),REMETIDO,217–220,Título inteiro suprimido (projetos elétricos; caldeiras; elevadores; ascensoristas; escadas rolantes); elevadores e cabines de alta tensão remetidos ao Código de Edificações/ABNT
403,Tít. IV,Instalações elétricas e mecânicas (118 artigos),REMETIDO,217–220,Título inteiro suprimido (projetos elétricos; caldeiras; elevadores; ascensoristas; escadas rolantes); elevadores e cabines de alta tensão remetidos ao Código de Edificações/ABNT
404,Tít. IV,Instalações elétricas e mecânicas (118 artigos),REMETIDO,217–220,Título inteiro suprimido (projetos elétricos; caldeiras; elevadores; ascensoristas; escadas rolantes); elevadores e cabines de alta tensão remetidos ao Código de Edificações/ABNT
405,Tít. IV,Instalações elétricas e mecânicas (118 artigos),REMETIDO,217–220,Título inteiro suprimido (projetos elétricos; caldeiras; elevadores; ascensoristas; escadas rolantes); elevadores e cabines de alta tensão remetidos ao Código de Edificações/ABNT
406,Tít. IV,Instalações elétricas e mecânicas (118 artigos),REMETIDO,217–220,Título inteiro suprimido (projetos elétricos; caldeiras; elevadores; ascensoristas; escadas rolantes); elevadores e cabines de alta tensão remetidos ao Código de Edificações/ABNT
407,Tít. IV,Instalações elétricas e mecânicas (118 artigos),REMETIDO,217–220,Título inteiro suprimido (projetos elétricos; caldeiras; elevadores; ascensoristas; escadas rolantes); elevadores e cabines de alta tensão remetidos ao Código de Edificações/ABNT
408,Tít. IV,Instalações elétricas e mecânicas (118 artigos),REMETIDO,217–220,Título inteiro suprimido (projetos elétricos; caldeiras; elevadores; ascensoristas; escadas rolantes); elevadores e cabines de alta tensão remetidos ao Código de Edificações/ABNT
409,Tít. IV,Instalações elétricas e mecânicas (118 artigos),REMETIDO,217–220,Título inteiro suprimido (projetos elétricos; caldeiras; elevadores; ascensoristas; escadas rolantes); elevadores e cabines de alta tensão remetidos ao Código de Edificações/ABNT
410,Tít. IV,Instalações elétricas e mecânicas (118 artigos),REMETIDO,217–220,Título inteiro suprimido (projetos elétricos; caldeiras; elevadores; ascensoristas; escadas rolantes); elevadores e cabines de alta tensão remetidos ao Código de Edificações/ABNT
411,Tít. IV,Instalações elétricas e mecânicas (118 artigos),REMETIDO,217–220,Título inteiro suprimido (projetos elétricos; caldeiras; elevadores; ascensoristas; escadas rolantes); elevadores e cabines de alta tensão remetidos ao Código de Edificações/ABNT
412,Tít. IV,Instalações elétricas e mecânicas (118 artigos),REMETIDO,217–220,Título inteiro suprimido (projetos elétricos; caldeiras; elevadores; ascensoristas; escadas rolantes); elevadores e cabines de alta tensão remetidos ao Código de Edificações/ABNT
413,Tít. IV,Instalações elétricas e mecânicas (118 artigos),REMETIDO,217–220,Título inteiro suprimido (projetos elétricos; caldeiras; elevadores; ascensoristas; escadas rolantes); elevadores e cabines de alta tensão remetidos ao Código de Edificações/ABNT
414,Tít. IV,Instalações elétricas e mecânicas (118 artigos),REMETIDO,217–220,Título inteiro suprimido (projetos elétricos; caldeiras; elevadores; ascensoristas; escadas rolantes); elevadores e cabines de alta tensão remetidos ao Código de Edificações/ABNT
415,Tít. IV,Instalações elétricas e mecânicas (118 artigos),REMETIDO,217–220,Título inteiro suprimido (projetos elétricos; caldeiras; elevadores; ascensoristas; escadas rolantes); elevadores e cabines de alta tensão remetidos ao Código de Edificações/ABNT
416,Tít. IV,Instalações elétricas e mecânicas (118 artigos),REMETIDO,217–220,Título inteiro suprimido (projetos elétricos; caldeiras; elevadores; ascensoristas; escadas rolantes); elevadores e cabines de alta tensão remetidos ao Código de Edificações/ABNT
417,Tít. IV,Instalações elétricas e mecânicas (118 artigos),REMETIDO,217–220,Título inteiro suprimido (projetos elétricos; caldeiras; elevadores; ascensoristas; escadas rolantes); elevadores e cabines de alta tensão remetidos ao Código de Edificações/ABNT
418,Tít. IV,Instalações elétricas e mecânicas (118 artigos),REMETIDO,217–220,Título inteiro suprimido (projetos elétricos; caldeiras; elevadores; ascensoristas; escadas rolantes); elevadores e cabines de alta tensão remetidos ao Código de Edificações/ABNT
419,Tít. IV,Instalações elétricas e mecânicas (118 artigos),REMETIDO,217–220,Título inteiro suprimido (projetos elétricos; caldeiras; elevadores; ascensoristas; escadas rolantes); elevadores e cabines de alta tensão remetidos ao Código de Edificações/ABNT
420,Tít. IV,Instalações elétricas e mecânicas (118 artigos),REMETIDO,217–220,Título inteiro suprimido (projetos elétricos; caldeiras; elevadores; ascensoristas; escadas rolantes); elevadores e cabines de alta tensão remetidos ao Código de Edificações/ABNT
421,Tít. IV,Instalações elétricas e mecânicas (118 artigos),REMETIDO,217–220,Título inteiro suprimido (projetos elétricos; caldeiras; elevadores; ascensoristas; escadas rolantes); elevadores e cabines de alta tensão remetidos ao Código de Edificações/ABNT
422,Tít. IV,Instalações elétricas e mecânicas (118 artigos),REMETIDO,217–220,Título inteiro suprimido (projetos elétricos; caldeiras; elevadores; ascensoristas; escadas rolantes); elevadores e cabines de alta tensão remetidos ao Código de Edificações/ABNT
423,Tít. IV,Instalações elétricas e mecânicas (118 artigos),REMETIDO,217–220,Título inteiro suprimido (projetos elétricos; caldeiras; elevadores; ascensoristas; escadas rolantes); elevadores e cabines de alta tensão remetidos ao Código de Edificações/ABNT
424,Tít. IV,Instalações elétricas e mecânicas (118 artigos),REMETIDO,217–220,Título inteiro suprimido (projetos elétricos; caldeiras; elevadores; ascensoristas; escadas rolantes); elevadores e cabines de alta tensão remetidos ao Código de Edificações/ABNT
425,Tít. IV,Instalações elétricas e mecânicas (118 artigos),REMETIDO,217–220,Título inteiro suprimido (projetos elétricos; caldeiras; elevadores; ascensoristas; escadas rolantes); elevadores e cabines de alta tensão remetidos ao Código de Edificações/ABNT
426,Tít. IV,Instalações elétricas e mecânicas (118 artigos),REMETIDO,217–220,Título inteiro suprimido (projetos elétricos; caldeiras; elevadores; ascensoristas; escadas rolantes); elevadores e cabines de alta tensão remetidos ao Código de Edificações/ABNT
427,Tít. V — Caps. I–III,Licença de localização e funcionamento,ALTERADO,221–228; 327,Consulta prévia de viabilidade; prazo de 15 dias mantido; AVCB e Licença Ambiental para alto risco; responsabilização do proprietário do imóvel (221 §4º; novo); cassação impede novo alvará por 5 anos e alcança sócios (327 §2º)
428,Tít. V — Caps. I–III,Licença de localização e funcionamento,ALTERADO,221–228; 327,Consulta prévia de viabilidade; prazo de 15 dias mantido; AVCB e Licença Ambiental para alto risco; responsabilização do proprietário do imóvel (221 §4º; novo); cassação impede novo alvará por 5 anos e alcança sócios (327 §2º)
429,Tít. V — Caps. I–III,Licença de localização e funcionamento,ALTERADO,221–228; 327,Consulta prévia de viabilidade; prazo de 15 dias mantido; AVCB e Licença Ambiental para alto risco; responsabilização do proprietário do imóvel (221 §4º; novo); cassação impede novo alvará por 5 anos e alcança sócios (327 §2º)
430,Tít. V — Caps. I–III,Licença de localização e funcionamento,ALTERADO,221–228; 327,Consulta prévia de viabilidade; prazo de 15 dias mantido; AVCB e Licença Ambiental para alto risco; responsabilização do proprietário do imóvel (221 §4º; novo); cassação impede novo alvará por 5 anos e alcança sócios (327 §2º)
431,Tít. V — Caps. I–III,Licença de localização e funcionamento,ALTERADO,221–228; 327,Consulta prévia de viabilidade; prazo de 15 dias mantido; AVCB e Licença Ambiental para alto risco; responsabilização do proprietário do imóvel (221 §4º; novo); cassação impede novo alvará por 5 anos e alcança sócios (327 §2º)
432,Tít. V — Caps. I–III,Licença de localização e funcionamento,ALTERADO,221–228; 327,Consulta prévia de viabilidade; prazo de 15 dias mantido; AVCB e Licença Ambiental para alto risco; responsabilização do proprietário do imóvel (221 §4º; novo); cassação impede novo alvará por 5 anos e alcança sócios (327 §2º)
433,Tít. V — Caps. I–III,Licença de localização e funcionamento,ALTERADO,221–228; 327,Consulta prévia de viabilidade; prazo de 15 dias mantido; AVCB e Licença Ambiental para alto risco; responsabilização do proprietário do imóvel (221 §4º; novo); cassação impede novo alvará por 5 anos e alcança sócios (327 §2º)
434,Tít. V — Caps. I–III,Licença de localização e funcionamento,ALTERADO,221–228; 327,Consulta prévia de viabilidade; prazo de 15 dias mantido; AVCB e Licença Ambiental para alto risco; responsabilização do proprietário do imóvel (221 §4º; novo); cassação impede novo alvará por 5 anos e alcança sócios (327 §2º)
435,Tít. V — Cap. IV,Horário de funcionamento,ALTERADO,229–232,Desregulamentação: tabela minuciosa por ramo substituída por regra geral (respeito ao sossego); proibição de expor mercadorias fora do estabelecimento mantida com apreensão (230)
436,Tít. V — Cap. IV,Horário de funcionamento,ALTERADO,229–232,Desregulamentação: tabela minuciosa por ramo substituída por regra geral (respeito ao sossego); proibição de expor mercadorias fora do estabelecimento mantida com apreensão (230)
437,Tít. V — Cap. IV,Horário de funcionamento,ALTERADO,229–232,Desregulamentação: tabela minuciosa por ramo substituída por regra geral (respeito ao sossego); proibição de expor mercadorias fora do estabelecimento mantida com apreensão (230)
438,Tít. V — Cap. IV,Horário de funcionamento,ALTERADO,229–232,Desregulamentação: tabela minuciosa por ramo substituída por regra geral (respeito ao sossego); proibição de expor mercadorias fora do estabelecimento mantida com apreensão (230)
439,Tít. V — Cap. IV,Horário de funcionamento,ALTERADO,229–232,Desregulamentação: tabela minuciosa por ramo substituída por regra geral (respeito ao sossego); proibição de expor mercadorias fora do estabelecimento mantida com apreensão (230)
440,Tít. V — Cap. IV,Horário de funcionamento,ALTERADO,229–232,Desregulamentação: tabela minuciosa por ramo substituída por regra geral (respeito ao sossego); proibição de expor mercadorias fora do estabelecimento mantida com apreensão (230)
441,Tít. V — Cap. IV,Horário de funcionamento,ALTERADO,229–232,Desregulamentação: tabela minuciosa por ramo substituída por regra geral (respeito ao sossego); proibição de expor mercadorias fora do estabelecimento mantida com apreensão (230)
442,Tít. V — Cap. IV,Horário de funcionamento,ALTERADO,229–232,Desregulamentação: tabela minuciosa por ramo substituída por regra geral (respeito ao sossego); proibição de expor mercadorias fora do estabelecimento mantida com apreensão (230)
443,Tít. V — Cap. IV,Horário de funcionamento,ALTERADO,229–232,Desregulamentação: tabela minuciosa por ramo substituída por regra geral (respeito ao sossego); proibição de expor mercadorias fora do estabelecimento mantida com apreensão (230)
444,Tít. V — Cap. IV,Horário de funcionamento,ALTERADO,229–232,Desregulamentação: tabela minuciosa por ramo substituída por regra geral (respeito ao sossego); proibição de expor mercadorias fora do estabelecimento mantida com apreensão (230)
445,Tít. V — Cap. IV,Horário de funcionamento,ALTERADO,229–232,Desregulamentação: tabela minuciosa por ramo substituída por regra geral (respeito ao sossego); proibição de expor mercadorias fora do estabelecimento mantida com apreensão (230)
446,Tít. V — Cap. IV,Horário de funcionamento,ALTERADO,229–232,Desregulamentação: tabela minuciosa por ramo substituída por regra geral (respeito ao sossego); proibição de expor mercadorias fora do estabelecimento mantida com apreensão (230)
447,Tít. V — Cap. IV,Horário de funcionamento,ALTERADO,229–232,Desregulamentação: tabela minuciosa por ramo substituída por regra geral (respeito ao sossego); proibição de expor mercadorias fora do estabelecimento mantida com apreensão (230)
448,Tít. V — Cap. IV,Horário de funcionamento,ALTERADO,229–232,Desregulamentação: tabela minuciosa por ramo substituída por regra geral (respeito ao sossego); proibição de expor mercadorias fora do estabelecimento mantida com apreensão (230)
449,Tít. V — Cap. IV,Horário de funcionamento,ALTERADO,229–232,Desregulamentação: tabela minuciosa por ramo substituída por regra geral (respeito ao sossego); proibição de expor mercadorias fora do estabelecimento mantida com apreensão (230)
450,Tít. V — Cap. IV,Horário de funcionamento,ALTERADO,229–232,Desregulamentação: tabela minuciosa por ramo substituída por regra geral (respeito ao sossego); proibição de expor mercadorias fora do estabelecimento mantida com apreensão (230)
451,Tít. V — Cap. IV,Horário de funcionamento,ALTERADO,229–232,Desregulamentação: tabela minuciosa por ramo substituída por regra geral (respeito ao sossego); proibição de expor mercadorias fora do estabelecimento mantida com apreensão (230)
452,Tít. V — Cap. IV,Horário de funcionamento,ALTERADO,229–232,Desregulamentação: tabela minuciosa por ramo substituída por regra geral (respeito ao sossego); proibição de expor mercadorias fora do estabelecimento mantida com apreensão (230)
453,Tít. V — Cap. IV,Horário de funcionamento,ALTERADO,229–232,Desregulamentação: tabela minuciosa por ramo substituída por regra geral (respeito ao sossego); proibição de expor mercadorias fora do estabelecimento mantida com apreensão (230)
454,Tít. V — Cap. IV,Horário de funcionamento,ALTERADO,229–232,Desregulamentação: tabela minuciosa por ramo substituída por regra geral (respeito ao sossego); proibição de expor mercadorias fora do estabelecimento mantida com apreensão (230)
455,Tít. V — Cap. V,Comércio ambulante (455–470; 470-A),JA_REVOGADO,233–236,Grande parte já revogada pela LC 1189/2023; PLC fixa pilares gerais de conduta e remete a legislação específica
456,Tít. V — Cap. V,Comércio ambulante (455–470; 470-A),JA_REVOGADO,233–236,Grande parte já revogada pela LC 1189/2023; PLC fixa pilares gerais de conduta e remete a legislação específica
457,Tít. V — Cap. V,Comércio ambulante (455–470; 470-A),JA_REVOGADO,233–236,Grande parte já revogada pela LC 1189/2023; PLC fixa pilares gerais de conduta e remete a legislação específica
458,Tít. V — Cap. V,Comércio ambulante (455–470; 470-A),JA_REVOGADO,233–236,Grande parte já revogada pela LC 1189/2023; PLC fixa pilares gerais de conduta e remete a legislação específica
459,Tít. V — Cap. V,Comércio ambulante (455–470; 470-A),JA_REVOGADO,233–236,Grande parte já revogada pela LC 1189/2023; PLC fixa pilares gerais de conduta e remete a legislação específica
460,Tít. V — Cap. V,Comércio ambulante (455–470; 470-A),JA_REVOGADO,233–236,Grande parte já revogada pela LC 1189/2023; PLC fixa pilares gerais de conduta e remete a legislação específica
461,Tít. V — Cap. V,Comércio ambulante (455–470; 470-A),JA_REVOGADO,233–236,Grande parte já revogada pela LC 1189/2023; PLC fixa pilares gerais de conduta e remete a legislação específica
462,Tít. V — Cap. V,Comércio ambulante (455–470; 470-A),JA_REVOGADO,233–236,Grande parte já revogada pela LC 1189/2023; PLC fixa pilares gerais de conduta e remete a legislação específica
463,Tít. V — Cap. V,Comércio ambulante (455–470; 470-A),JA_REVOGADO,233–236,Grande parte já revogada pela LC 1189/2023; PLC fixa pilares gerais de conduta e remete a legislação específica
464,Tít. V — Cap. V,Comércio ambulante (455–470; 470-A),JA_REVOGADO,233–236,Grande parte já revogada pela LC 1189/2023; PLC fixa pilares gerais de conduta e remete a legislação específica
465,Tít. V — Cap. V,Comércio ambulante (455–470; 470-A),JA_REVOGADO,233–236,Grande parte já revogada pela LC 1189/2023; PLC fixa pilares gerais de conduta e remete a legislação específica
466,Tít. V — Cap. V,Comércio ambulante (455–470; 470-A),JA_REVOGADO,233–236,Grande parte já revogada pela LC 1189/2023; PLC fixa pilares gerais de conduta e remete a legislação específica
467,Tít. V — Cap. V,Comércio ambulante (455–470; 470-A),JA_REVOGADO,233–236,Grande parte já revogada pela LC 1189/2023; PLC fixa pilares gerais de conduta e remete a legislação específica
468,Tít. V — Cap. V,Comércio ambulante (455–470; 470-A),JA_REVOGADO,233–236,Grande parte já revogada pela LC 1189/2023; PLC fixa pilares gerais de conduta e remete a legislação específica
469,Tít. V — Cap. V,Comércio ambulante (455–470; 470-A),JA_REVOGADO,233–236,Grande parte já revogada pela LC 1189/2023; PLC fixa pilares gerais de conduta e remete a legislação específica
470,Tít. V — Cap. V,Comércio ambulante (455–470; 470-A),JA_REVOGADO,233–236,Grande parte já revogada pela LC 1189/2023; PLC fixa pilares gerais de conduta e remete a legislação específica
471,Tít. V — Cap. VI,Casas e locais de diversões públicas,ALTERADO,237–247,Licença para lotação >300 pessoas; CCT com ARTs e AVS; eventos >1.500 pessoas exigem enfermagem/ambulância/brigada; regras de cinema e programação suprimidas
472,Tít. V — Cap. VI,Casas e locais de diversões públicas,ALTERADO,237–247,Licença para lotação >300 pessoas; CCT com ARTs e AVS; eventos >1.500 pessoas exigem enfermagem/ambulância/brigada; regras de cinema e programação suprimidas
473,Tít. V — Cap. VI,Casas e locais de diversões públicas,ALTERADO,237–247,Licença para lotação >300 pessoas; CCT com ARTs e AVS; eventos >1.500 pessoas exigem enfermagem/ambulância/brigada; regras de cinema e programação suprimidas
474,Tít. V — Cap. VI,Casas e locais de diversões públicas,ALTERADO,237–247,Licença para lotação >300 pessoas; CCT com ARTs e AVS; eventos >1.500 pessoas exigem enfermagem/ambulância/brigada; regras de cinema e programação suprimidas
475,Tít. V — Cap. VI,Casas e locais de diversões públicas,ALTERADO,237–247,Licença para lotação >300 pessoas; CCT com ARTs e AVS; eventos >1.500 pessoas exigem enfermagem/ambulância/brigada; regras de cinema e programação suprimidas
476,Tít. V — Cap. VI,Casas e locais de diversões públicas,ALTERADO,237–247,Licença para lotação >300 pessoas; CCT com ARTs e AVS; eventos >1.500 pessoas exigem enfermagem/ambulância/brigada; regras de cinema e programação suprimidas
477,Tít. V — Cap. VI,Casas e locais de diversões públicas,ALTERADO,237–247,Licença para lotação >300 pessoas; CCT com ARTs e AVS; eventos >1.500 pessoas exigem enfermagem/ambulância/brigada; regras de cinema e programação suprimidas
478,Tít. V — Cap. VI,Casas e locais de diversões públicas,ALTERADO,237–247,Licença para lotação >300 pessoas; CCT com ARTs e AVS; eventos >1.500 pessoas exigem enfermagem/ambulância/brigada; regras de cinema e programação suprimidas
479,Tít. V — Cap. VI,Casas e locais de diversões públicas,ALTERADO,237–247,Licença para lotação >300 pessoas; CCT com ARTs e AVS; eventos >1.500 pessoas exigem enfermagem/ambulância/brigada; regras de cinema e programação suprimidas
480,Tít. V — Cap. VI,Casas e locais de diversões públicas,ALTERADO,237–247,Licença para lotação >300 pessoas; CCT com ARTs e AVS; eventos >1.500 pessoas exigem enfermagem/ambulância/brigada; regras de cinema e programação suprimidas
481,Tít. V — Cap. VI,Casas e locais de diversões públicas,ALTERADO,237–247,Licença para lotação >300 pessoas; CCT com ARTs e AVS; eventos >1.500 pessoas exigem enfermagem/ambulância/brigada; regras de cinema e programação suprimidas
482,Tít. V — Cap. VI,Casas e locais de diversões públicas,ALTERADO,237–247,Licença para lotação >300 pessoas; CCT com ARTs e AVS; eventos >1.500 pessoas exigem enfermagem/ambulância/brigada; regras de cinema e programação suprimidas
483,Tít. V — Cap. VI,Casas e locais de diversões públicas,ALTERADO,237–247,Licença para lotação >300 pessoas; CCT com ARTs e AVS; eventos >1.500 pessoas exigem enfermagem/ambulância/brigada; regras de cinema e programação suprimidas
484,Tít. V — Cap. VI,Casas e locais de diversões públicas,ALTERADO,237–247,Licença para lotação >300 pessoas; CCT com ARTs e AVS; eventos >1.500 pessoas exigem enfermagem/ambulância/brigada; regras de cinema e programação suprimidas
485,Tít. V — Cap. VI,Casas e locais de diversões públicas,ALTERADO,237–247,Licença para lotação >300 pessoas; CCT com ARTs e AVS; eventos >1.500 pessoas exigem enfermagem/ambulância/brigada; regras de cinema e programação suprimidas
486,Tít. V — Cap. VI,Casas e locais de diversões públicas,ALTERADO,237–247,Licença para lotação >300 pessoas; CCT com ARTs e AVS; eventos >1.500 pessoas exigem enfermagem/ambulância/brigada; regras de cinema e programação suprimidas
487,Tít. V — Cap. VI,Casas e locais de diversões públicas,ALTERADO,237–247,Licença para lotação >300 pessoas; CCT com ARTs e AVS; eventos >1.500 pessoas exigem enfermagem/ambulância/brigada; regras de cinema e programação suprimidas
488,Tít. V — Cap. VI,Casas e locais de diversões públicas,ALTERADO,237–247,Licença para lotação >300 pessoas; CCT com ARTs e AVS; eventos >1.500 pessoas exigem enfermagem/ambulância/brigada; regras de cinema e programação suprimidas
489,Tít. V — Cap. VI,Casas e locais de diversões públicas,ALTERADO,237–247,Licença para lotação >300 pessoas; CCT com ARTs e AVS; eventos >1.500 pessoas exigem enfermagem/ambulância/brigada; regras de cinema e programação suprimidas
490,Tít. V — Cap. VI,Casas e locais de diversões públicas,ALTERADO,237–247,Licença para lotação >300 pessoas; CCT com ARTs e AVS; eventos >1.500 pessoas exigem enfermagem/ambulância/brigada; regras de cinema e programação suprimidas
491,Tít. V — Cap. VI,Casas e locais de diversões públicas,ALTERADO,237–247,Licença para lotação >300 pessoas; CCT com ARTs e AVS; eventos >1.500 pessoas exigem enfermagem/ambulância/brigada; regras de cinema e programação suprimidas
492,Tít. V — Cap. VI,Casas e locais de diversões públicas,ALTERADO,237–247,Licença para lotação >300 pessoas; CCT com ARTs e AVS; eventos >1.500 pessoas exigem enfermagem/ambulância/brigada; regras de cinema e programação suprimidas
493,Tít. V — Cap. VI,Casas e locais de diversões públicas,ALTERADO,237–247,Licença para lotação >300 pessoas; CCT com ARTs e AVS; eventos >1.500 pessoas exigem enfermagem/ambulância/brigada; regras de cinema e programação suprimidas
494,Tít. V — Cap. VII,Bancas de jornais e revistas,JA_REVOGADO,133,Já revogado pela LC 1279/2024; PLC remete a legislação específica
495,Tít. V — Cap. VII,Bancas de jornais e revistas,JA_REVOGADO,133,Já revogado pela LC 1279/2024; PLC remete a legislação específica
496,Tít. V — Cap. VII,Bancas de jornais e revistas,JA_REVOGADO,133,Já revogado pela LC 1279/2024; PLC remete a legislação específica
497,Tít. V — Caps. VIII–X,Garagens; estacionamentos e oficinas,CONDENSADO,248–250,Métricas específicas (30 m² por veículo) suprimidas; lava-rápidos incluídos
498,Tít. V — Caps. VIII–X,Garagens; estacionamentos e oficinas,CONDENSADO,248–250,Métricas específicas (30 m² por veículo) suprimidas; lava-rápidos incluídos
499,Tít. V — Caps. VIII–X,Garagens; estacionamentos e oficinas,CONDENSADO,248–250,Métricas específicas (30 m² por veículo) suprimidas; lava-rápidos incluídos
500,Tít. V — Caps. VIII–X,Garagens; estacionamentos e oficinas,CONDENSADO,248–250,Métricas específicas (30 m² por veículo) suprimidas; lava-rápidos incluídos
501,Tít. V — Caps. VIII–X,Garagens; estacionamentos e oficinas,CONDENSADO,248–250,Métricas específicas (30 m² por veículo) suprimidas; lava-rápidos incluídos
502,Tít. V — Caps. VIII–X,Garagens; estacionamentos e oficinas,CONDENSADO,248–250,Métricas específicas (30 m² por veículo) suprimidas; lava-rápidos incluídos
503,Tít. V — Caps. VIII–X,Garagens; estacionamentos e oficinas,CONDENSADO,248–250,Métricas específicas (30 m² por veículo) suprimidas; lava-rápidos incluídos
504,Tít. V — Caps. VIII–X,Garagens; estacionamentos e oficinas,CONDENSADO,248–250,Métricas específicas (30 m² por veículo) suprimidas; lava-rápidos incluídos
505,Tít. V — Caps. VIII–X,Garagens; estacionamentos e oficinas,CONDENSADO,248–250,Métricas específicas (30 m² por veículo) suprimidas; lava-rápidos incluídos
506,Tít. V — Cap. XI,Inflamáveis; explosivos e postos de combustível,REVOGADO_SEM_CORRESPONDENTE,—,Capítulo inteiro desaparece; inclusive distância mínima de 200 m de escolas/hospitais para novos postos (536 §3º) [Verificar cobertura por norma estadual/federal e lei de uso do solo]
507,Tít. V — Cap. XI,Inflamáveis; explosivos e postos de combustível,REVOGADO_SEM_CORRESPONDENTE,—,Capítulo inteiro desaparece; inclusive distância mínima de 200 m de escolas/hospitais para novos postos (536 §3º) [Verificar cobertura por norma estadual/federal e lei de uso do solo]
508,Tít. V — Cap. XI,Inflamáveis; explosivos e postos de combustível,REVOGADO_SEM_CORRESPONDENTE,—,Capítulo inteiro desaparece; inclusive distância mínima de 200 m de escolas/hospitais para novos postos (536 §3º) [Verificar cobertura por norma estadual/federal e lei de uso do solo]
509,Tít. V — Cap. XI,Inflamáveis; explosivos e postos de combustível,REVOGADO_SEM_CORRESPONDENTE,—,Capítulo inteiro desaparece; inclusive distância mínima de 200 m de escolas/hospitais para novos postos (536 §3º) [Verificar cobertura por norma estadual/federal e lei de uso do solo]
510,Tít. V — Cap. XI,Inflamáveis; explosivos e postos de combustível,REVOGADO_SEM_CORRESPONDENTE,—,Capítulo inteiro desaparece; inclusive distância mínima de 200 m de escolas/hospitais para novos postos (536 §3º) [Verificar cobertura por norma estadual/federal e lei de uso do solo]
511,Tít. V — Cap. XI,Inflamáveis; explosivos e postos de combustível,REVOGADO_SEM_CORRESPONDENTE,—,Capítulo inteiro desaparece; inclusive distância mínima de 200 m de escolas/hospitais para novos postos (536 §3º) [Verificar cobertura por norma estadual/federal e lei de uso do solo]
512,Tít. V — Cap. XI,Inflamáveis; explosivos e postos de combustível,REVOGADO_SEM_CORRESPONDENTE,—,Capítulo inteiro desaparece; inclusive distância mínima de 200 m de escolas/hospitais para novos postos (536 §3º) [Verificar cobertura por norma estadual/federal e lei de uso do solo]
513,Tít. V — Cap. XI,Inflamáveis; explosivos e postos de combustível,REVOGADO_SEM_CORRESPONDENTE,—,Capítulo inteiro desaparece; inclusive distância mínima de 200 m de escolas/hospitais para novos postos (536 §3º) [Verificar cobertura por norma estadual/federal e lei de uso do solo]
514,Tít. V — Cap. XI,Inflamáveis; explosivos e postos de combustível,REVOGADO_SEM_CORRESPONDENTE,—,Capítulo inteiro desaparece; inclusive distância mínima de 200 m de escolas/hospitais para novos postos (536 §3º) [Verificar cobertura por norma estadual/federal e lei de uso do solo]
515,Tít. V — Cap. XI,Inflamáveis; explosivos e postos de combustível,REVOGADO_SEM_CORRESPONDENTE,—,Capítulo inteiro desaparece; inclusive distância mínima de 200 m de escolas/hospitais para novos postos (536 §3º) [Verificar cobertura por norma estadual/federal e lei de uso do solo]
516,Tít. V — Cap. XI,Inflamáveis; explosivos e postos de combustível,REVOGADO_SEM_CORRESPONDENTE,—,Capítulo inteiro desaparece; inclusive distância mínima de 200 m de escolas/hospitais para novos postos (536 §3º) [Verificar cobertura por norma estadual/federal e lei de uso do solo]
517,Tít. V — Cap. XI,Inflamáveis; explosivos e postos de combustível,REVOGADO_SEM_CORRESPONDENTE,—,Capítulo inteiro desaparece; inclusive distância mínima de 200 m de escolas/hospitais para novos postos (536 §3º) [Verificar cobertura por norma estadual/federal e lei de uso do solo]
518,Tít. V — Cap. XI,Inflamáveis; explosivos e postos de combustível,REVOGADO_SEM_CORRESPONDENTE,—,Capítulo inteiro desaparece; inclusive distância mínima de 200 m de escolas/hospitais para novos postos (536 §3º) [Verificar cobertura por norma estadual/federal e lei de uso do solo]
519,Tít. V — Cap. XI,Inflamáveis; explosivos e postos de combustível,REVOGADO_SEM_CORRESPONDENTE,—,Capítulo inteiro desaparece; inclusive distância mínima de 200 m de escolas/hospitais para novos postos (536 §3º) [Verificar cobertura por norma estadual/federal e lei de uso do solo]
520,Tít. V — Cap. XI,Inflamáveis; explosivos e postos de combustível,REVOGADO_SEM_CORRESPONDENTE,—,Capítulo inteiro desaparece; inclusive distância mínima de 200 m de escolas/hospitais para novos postos (536 §3º) [Verificar cobertura por norma estadual/federal e lei de uso do solo]
521,Tít. V — Cap. XI,Inflamáveis; explosivos e postos de combustível,REVOGADO_SEM_CORRESPONDENTE,—,Capítulo inteiro desaparece; inclusive distância mínima de 200 m de escolas/hospitais para novos postos (536 §3º) [Verificar cobertura por norma estadual/federal e lei de uso do solo]
522,Tít. V — Cap. XI,Inflamáveis; explosivos e postos de combustível,REVOGADO_SEM_CORRESPONDENTE,—,Capítulo inteiro desaparece; inclusive distância mínima de 200 m de escolas/hospitais para novos postos (536 §3º) [Verificar cobertura por norma estadual/federal e lei de uso do solo]
523,Tít. V — Cap. XI,Inflamáveis; explosivos e postos de combustível,REVOGADO_SEM_CORRESPONDENTE,—,Capítulo inteiro desaparece; inclusive distância mínima de 200 m de escolas/hospitais para novos postos (536 §3º) [Verificar cobertura por norma estadual/federal e lei de uso do solo]
524,Tít. V — Cap. XI,Inflamáveis; explosivos e postos de combustível,REVOGADO_SEM_CORRESPONDENTE,—,Capítulo inteiro desaparece; inclusive distância mínima de 200 m de escolas/hospitais para novos postos (536 §3º) [Verificar cobertura por norma estadual/federal e lei de uso do solo]
525,Tít. V — Cap. XI,Inflamáveis; explosivos e postos de combustível,REVOGADO_SEM_CORRESPONDENTE,—,Capítulo inteiro desaparece; inclusive distância mínima de 200 m de escolas/hospitais para novos postos (536 §3º) [Verificar cobertura por norma estadual/federal e lei de uso do solo]
526,Tít. V — Cap. XI,Inflamáveis; explosivos e postos de combustível,REVOGADO_SEM_CORRESPONDENTE,—,Capítulo inteiro desaparece; inclusive distância mínima de 200 m de escolas/hospitais para novos postos (536 §3º) [Verificar cobertura por norma estadual/federal e lei de uso do solo]
527,Tít. V — Cap. XI,Inflamáveis; explosivos e postos de combustível,REVOGADO_SEM_CORRESPONDENTE,—,Capítulo inteiro desaparece; inclusive distância mínima de 200 m de escolas/hospitais para novos postos (536 §3º) [Verificar cobertura por norma estadual/federal e lei de uso do solo]
528,Tít. V — Cap. XI,Inflamáveis; explosivos e postos de combustível,REVOGADO_SEM_CORRESPONDENTE,—,Capítulo inteiro desaparece; inclusive distância mínima de 200 m de escolas/hospitais para novos postos (536 §3º) [Verificar cobertura por norma estadual/federal e lei de uso do solo]
529,Tít. V — Cap. XI,Inflamáveis; explosivos e postos de combustível,REVOGADO_SEM_CORRESPONDENTE,—,Capítulo inteiro desaparece; inclusive distância mínima de 200 m de escolas/hospitais para novos postos (536 §3º) [Verificar cobertura por norma estadual/federal e lei de uso do solo]
530,Tít. V — Cap. XI,Inflamáveis; explosivos e postos de combustível,REVOGADO_SEM_CORRESPONDENTE,—,Capítulo inteiro desaparece; inclusive distância mínima de 200 m de escolas/hospitais para novos postos (536 §3º) [Verificar cobertura por norma estadual/federal e lei de uso do solo]
531,Tít. V — Cap. XI,Inflamáveis; explosivos e postos de combustível,REVOGADO_SEM_CORRESPONDENTE,—,Capítulo inteiro desaparece; inclusive distância mínima de 200 m de escolas/hospitais para novos postos (536 §3º) [Verificar cobertura por norma estadual/federal e lei de uso do solo]
532,Tít. V — Cap. XI,Inflamáveis; explosivos e postos de combustível,REVOGADO_SEM_CORRESPONDENTE,—,Capítulo inteiro desaparece; inclusive distância mínima de 200 m de escolas/hospitais para novos postos (536 §3º) [Verificar cobertura por norma estadual/federal e lei de uso do solo]
533,Tít. V — Cap. XI,Inflamáveis; explosivos e postos de combustível,REVOGADO_SEM_CORRESPONDENTE,—,Capítulo inteiro desaparece; inclusive distância mínima de 200 m de escolas/hospitais para novos postos (536 §3º) [Verificar cobertura por norma estadual/federal e lei de uso do solo]
534,Tít. V — Cap. XI,Inflamáveis; explosivos e postos de combustível,REVOGADO_SEM_CORRESPONDENTE,—,Capítulo inteiro desaparece; inclusive distância mínima de 200 m de escolas/hospitais para novos postos (536 §3º) [Verificar cobertura por norma estadual/federal e lei de uso do solo]
535,Tít. V — Cap. XI,Inflamáveis; explosivos e postos de combustível,REVOGADO_SEM_CORRESPONDENTE,—,Capítulo inteiro desaparece; inclusive distância mínima de 200 m de escolas/hospitais para novos postos (536 §3º) [Verificar cobertura por norma estadual/federal e lei de uso do solo]
536,Tít. V — Cap. XI,Inflamáveis; explosivos e postos de combustível,REVOGADO_SEM_CORRESPONDENTE,—,Capítulo inteiro desaparece; inclusive distância mínima de 200 m de escolas/hospitais para novos postos (536 §3º) [Verificar cobertura por norma estadual/federal e lei de uso do solo]
537,Tít. V — Cap. XI,Inflamáveis; explosivos e postos de combustível,REVOGADO_SEM_CORRESPONDENTE,—,Capítulo inteiro desaparece; inclusive distância mínima de 200 m de escolas/hospitais para novos postos (536 §3º) [Verificar cobertura por norma estadual/federal e lei de uso do solo]
538,Tít. V — Cap. XII,Pedreiras; barreiras e saibreiras,MANTIDO,251–258,Licença precária e restrições preservadas; detalhes operacionais remetidos a regulamento
539,Tít. V — Cap. XII,Pedreiras; barreiras e saibreiras,MANTIDO,251–258,Licença precária e restrições preservadas; detalhes operacionais remetidos a regulamento
540,Tít. V — Cap. XII,Pedreiras; barreiras e saibreiras,MANTIDO,251–258,Licença precária e restrições preservadas; detalhes operacionais remetidos a regulamento
541,Tít. V — Cap. XII,Pedreiras; barreiras e saibreiras,MANTIDO,251–258,Licença precária e restrições preservadas; detalhes operacionais remetidos a regulamento
542,Tít. V — Cap. XII,Pedreiras; barreiras e saibreiras,MANTIDO,251–258,Licença precária e restrições preservadas; detalhes operacionais remetidos a regulamento
543,Tít. V — Cap. XII,Pedreiras; barreiras e saibreiras,MANTIDO,251–258,Licença precária e restrições preservadas; detalhes operacionais remetidos a regulamento
544,Tít. V — Cap. XII,Pedreiras; barreiras e saibreiras,MANTIDO,251–258,Licença precária e restrições preservadas; detalhes operacionais remetidos a regulamento
545,Tít. V — Cap. XII,Pedreiras; barreiras e saibreiras,MANTIDO,251–258,Licença precária e restrições preservadas; detalhes operacionais remetidos a regulamento
546,Tít. V — Cap. XII,Pedreiras; barreiras e saibreiras,MANTIDO,251–258,Licença precária e restrições preservadas; detalhes operacionais remetidos a regulamento
547,Tít. V — Cap. XII,Pedreiras; barreiras e saibreiras,MANTIDO,251–258,Licença precária e restrições preservadas; detalhes operacionais remetidos a regulamento
548,Tít. V — Cap. XII,Pedreiras; barreiras e saibreiras,MANTIDO,251–258,Licença precária e restrições preservadas; detalhes operacionais remetidos a regulamento
549,Tít. V — Cap. XIII,Extração e depósitos de areia,MANTIDO,259–262,Praticamente literal
550,Tít. V — Cap. XIII,Extração e depósitos de areia,MANTIDO,259–262,Praticamente literal
551,Tít. V — Cap. XIII,Extração e depósitos de areia,MANTIDO,259–262,Praticamente literal
552,Tít. V — Cap. XIV,Segurança no trabalho,REVOGADO_SEM_CORRESPONDENTE,—,Matéria de competência federal (CLT/NRs); remoção corrige invasão de competência
553,Tít. V — Cap. XIV,Segurança no trabalho,REVOGADO_SEM_CORRESPONDENTE,—,Matéria de competência federal (CLT/NRs); remoção corrige invasão de competência
554,Tít. V — Cap. XIV,Segurança no trabalho,REVOGADO_SEM_CORRESPONDENTE,—,Matéria de competência federal (CLT/NRs); remoção corrige invasão de competência
555,Tít. V — Cap. XIV,Segurança no trabalho,REVOGADO_SEM_CORRESPONDENTE,—,Matéria de competência federal (CLT/NRs); remoção corrige invasão de competência
556,Tít. V — Cap. XIV,Segurança no trabalho,REVOGADO_SEM_CORRESPONDENTE,—,Matéria de competência federal (CLT/NRs); remoção corrige invasão de competência
557,Tít. V — Cap. XIV,Segurança no trabalho,REVOGADO_SEM_CORRESPONDENTE,—,Matéria de competência federal (CLT/NRs); remoção corrige invasão de competência
558,Tít. V — Cap. XIV,Segurança no trabalho,REVOGADO_SEM_CORRESPONDENTE,—,Matéria de competência federal (CLT/NRs); remoção corrige invasão de competência
559,Tít. V — Cap. XIV,Segurança no trabalho,REVOGADO_SEM_CORRESPONDENTE,—,Matéria de competência federal (CLT/NRs); remoção corrige invasão de competência
560,Tít. V — Cap. XIV,Segurança no trabalho,REVOGADO_SEM_CORRESPONDENTE,—,Matéria de competência federal (CLT/NRs); remoção corrige invasão de competência
561,Tít. V — Cap. XIV,Segurança no trabalho,REVOGADO_SEM_CORRESPONDENTE,—,Matéria de competência federal (CLT/NRs); remoção corrige invasão de competência
562,Tít. V — Cap. XIV,Segurança no trabalho,REVOGADO_SEM_CORRESPONDENTE,—,Matéria de competência federal (CLT/NRs); remoção corrige invasão de competência
563,Tít. V — Cap. XIV,Segurança no trabalho,REVOGADO_SEM_CORRESPONDENTE,—,Matéria de competência federal (CLT/NRs); remoção corrige invasão de competência
564,Tít. V — Cap. XIV,Segurança no trabalho,REVOGADO_SEM_CORRESPONDENTE,—,Matéria de competência federal (CLT/NRs); remoção corrige invasão de competência
565,Tít. V — Cap. XIV,Segurança no trabalho,REVOGADO_SEM_CORRESPONDENTE,—,Matéria de competência federal (CLT/NRs); remoção corrige invasão de competência
566,Tít. V — Cap. XIV,Segurança no trabalho,REVOGADO_SEM_CORRESPONDENTE,—,Matéria de competência federal (CLT/NRs); remoção corrige invasão de competência
567,Tít. V — Cap. XIV,Segurança no trabalho,REVOGADO_SEM_CORRESPONDENTE,—,Matéria de competência federal (CLT/NRs); remoção corrige invasão de competência
568,Tít. V — Cap. XV,Aferição de pesos e medidas,REVOGADO_SEM_CORRESPONDENTE,—,Matéria do Inmetro/IPEM; remoção corrige sobreposição
569,Tít. V — Cap. XV,Aferição de pesos e medidas,REVOGADO_SEM_CORRESPONDENTE,—,Matéria do Inmetro/IPEM; remoção corrige sobreposição
570,Tít. V — Cap. XV,Aferição de pesos e medidas,REVOGADO_SEM_CORRESPONDENTE,—,Matéria do Inmetro/IPEM; remoção corrige sobreposição
571,Tít. V — Cap. XV,Aferição de pesos e medidas,REVOGADO_SEM_CORRESPONDENTE,—,Matéria do Inmetro/IPEM; remoção corrige sobreposição
572,Tít. V — Cap. XV,Aferição de pesos e medidas,REVOGADO_SEM_CORRESPONDENTE,—,Matéria do Inmetro/IPEM; remoção corrige sobreposição
573,Tít. VI,Fiscalização; intimação e vistorias,ALTERADO,280–292,Procedimentos modernizados: ciência pessoal/postal/eletrônica/edital; multa de 60–600 UFESP por impedir a fiscalização; vistorias simplificadas
574,Tít. VI,Fiscalização; intimação e vistorias,ALTERADO,280–292,Procedimentos modernizados: ciência pessoal/postal/eletrônica/edital; multa de 60–600 UFESP por impedir a fiscalização; vistorias simplificadas
575,Tít. VI,Fiscalização; intimação e vistorias,ALTERADO,280–292,Procedimentos modernizados: ciência pessoal/postal/eletrônica/edital; multa de 60–600 UFESP por impedir a fiscalização; vistorias simplificadas
576,Tít. VI,Fiscalização; intimação e vistorias,ALTERADO,280–292,Procedimentos modernizados: ciência pessoal/postal/eletrônica/edital; multa de 60–600 UFESP por impedir a fiscalização; vistorias simplificadas
577,Tít. VI,Fiscalização; intimação e vistorias,ALTERADO,280–292,Procedimentos modernizados: ciência pessoal/postal/eletrônica/edital; multa de 60–600 UFESP por impedir a fiscalização; vistorias simplificadas
578,Tít. VI,Fiscalização; intimação e vistorias,ALTERADO,280–292,Procedimentos modernizados: ciência pessoal/postal/eletrônica/edital; multa de 60–600 UFESP por impedir a fiscalização; vistorias simplificadas
579,Tít. VI,Fiscalização; intimação e vistorias,ALTERADO,280–292,Procedimentos modernizados: ciência pessoal/postal/eletrônica/edital; multa de 60–600 UFESP por impedir a fiscalização; vistorias simplificadas
580,Tít. VI,Fiscalização; intimação e vistorias,ALTERADO,280–292,Procedimentos modernizados: ciência pessoal/postal/eletrônica/edital; multa de 60–600 UFESP por impedir a fiscalização; vistorias simplificadas
581,Tít. VI,Fiscalização; intimação e vistorias,ALTERADO,280–292,Procedimentos modernizados: ciência pessoal/postal/eletrônica/edital; multa de 60–600 UFESP por impedir a fiscalização; vistorias simplificadas
582,Tít. VI,Fiscalização; intimação e vistorias,ALTERADO,280–292,Procedimentos modernizados: ciência pessoal/postal/eletrônica/edital; multa de 60–600 UFESP por impedir a fiscalização; vistorias simplificadas
583,Tít. VI,Fiscalização; intimação e vistorias,ALTERADO,280–292,Procedimentos modernizados: ciência pessoal/postal/eletrônica/edital; multa de 60–600 UFESP por impedir a fiscalização; vistorias simplificadas
584,Tít. VI,Fiscalização; intimação e vistorias,ALTERADO,280–292,Procedimentos modernizados: ciência pessoal/postal/eletrônica/edital; multa de 60–600 UFESP por impedir a fiscalização; vistorias simplificadas
585,Tít. VI,Fiscalização; intimação e vistorias,ALTERADO,280–292,Procedimentos modernizados: ciência pessoal/postal/eletrônica/edital; multa de 60–600 UFESP por impedir a fiscalização; vistorias simplificadas
586,Tít. VII,Aceitação das instalações,REVOGADO_SEM_CORRESPONDENTE,—,Etapa absorvida pelo licenciamento (221–226)
587,Tít. VII,Aceitação das instalações,REVOGADO_SEM_CORRESPONDENTE,—,Etapa absorvida pelo licenciamento (221–226)
588,Tít. VII,Aceitação das instalações,REVOGADO_SEM_CORRESPONDENTE,—,Etapa absorvida pelo licenciamento (221–226)
589,Tít. VIII,Infrações e penalidades (589–627; 627-A; 627-B),ALTERADO,299–330,Multas em R$ fixos → UFESP com dosimetria; advertência formalizada; apreensão com rito e destinação; suspensão; embargo; interdição; lacração e emparedamento sistematizados; demolição com execução subsidiária e taxa de 100%
590,Tít. VIII,Infrações e penalidades (589–627; 627-A; 627-B),ALTERADO,299–330,Multas em R$ fixos → UFESP com dosimetria; advertência formalizada; apreensão com rito e destinação; suspensão; embargo; interdição; lacração e emparedamento sistematizados; demolição com execução subsidiária e taxa de 100%
591,Tít. VIII,Infrações e penalidades (589–627; 627-A; 627-B),ALTERADO,299–330,Multas em R$ fixos → UFESP com dosimetria; advertência formalizada; apreensão com rito e destinação; suspensão; embargo; interdição; lacração e emparedamento sistematizados; demolição com execução subsidiária e taxa de 100%
592,Tít. VIII,Infrações e penalidades (589–627; 627-A; 627-B),ALTERADO,299–330,Multas em R$ fixos → UFESP com dosimetria; advertência formalizada; apreensão com rito e destinação; suspensão; embargo; interdição; lacração e emparedamento sistematizados; demolição com execução subsidiária e taxa de 100%
593,Tít. VIII,Infrações e penalidades (589–627; 627-A; 627-B),ALTERADO,299–330,Multas em R$ fixos → UFESP com dosimetria; advertência formalizada; apreensão com rito e destinação; suspensão; embargo; interdição; lacração e emparedamento sistematizados; demolição com execução subsidiária e taxa de 100%
594,Tít. VIII,Infrações e penalidades (589–627; 627-A; 627-B),ALTERADO,299–330,Multas em R$ fixos → UFESP com dosimetria; advertência formalizada; apreensão com rito e destinação; suspensão; embargo; interdição; lacração e emparedamento sistematizados; demolição com execução subsidiária e taxa de 100%
595,Tít. VIII,Infrações e penalidades (589–627; 627-A; 627-B),ALTERADO,299–330,Multas em R$ fixos → UFESP com dosimetria; advertência formalizada; apreensão com rito e destinação; suspensão; embargo; interdição; lacração e emparedamento sistematizados; demolição com execução subsidiária e taxa de 100%
596,Tít. VIII,Infrações e penalidades (589–627; 627-A; 627-B),ALTERADO,299–330,Multas em R$ fixos → UFESP com dosimetria; advertência formalizada; apreensão com rito e destinação; suspensão; embargo; interdição; lacração e emparedamento sistematizados; demolição com execução subsidiária e taxa de 100%
597,Tít. VIII,Infrações e penalidades (589–627; 627-A; 627-B),ALTERADO,299–330,Multas em R$ fixos → UFESP com dosimetria; advertência formalizada; apreensão com rito e destinação; suspensão; embargo; interdição; lacração e emparedamento sistematizados; demolição com execução subsidiária e taxa de 100%
598,Tít. VIII,Infrações e penalidades (589–627; 627-A; 627-B),ALTERADO,299–330,Multas em R$ fixos → UFESP com dosimetria; advertência formalizada; apreensão com rito e destinação; suspensão; embargo; interdição; lacração e emparedamento sistematizados; demolição com execução subsidiária e taxa de 100%
599,Tít. VIII,Infrações e penalidades (589–627; 627-A; 627-B),ALTERADO,299–330,Multas em R$ fixos → UFESP com dosimetria; advertência formalizada; apreensão com rito e destinação; suspensão; embargo; interdição; lacração e emparedamento sistematizados; demolição com execução subsidiária e taxa de 100%
600,Tít. VIII,Infrações e penalidades (589–627; 627-A; 627-B),ALTERADO,299–330,Multas em R$ fixos → UFESP com dosimetria; advertência formalizada; apreensão com rito e destinação; suspensão; embargo; interdição; lacração e emparedamento sistematizados; demolição com execução subsidiária e taxa de 100%
601,Tít. VIII,Infrações e penalidades (589–627; 627-A; 627-B),ALTERADO,299–330,Multas em R$ fixos → UFESP com dosimetria; advertência formalizada; apreensão com rito e destinação; suspensão; embargo; interdição; lacração e emparedamento sistematizados; demolição com execução subsidiária e taxa de 100%
602,Tít. VIII,Infrações e penalidades (589–627; 627-A; 627-B),ALTERADO,299–330,Multas em R$ fixos → UFESP com dosimetria; advertência formalizada; apreensão com rito e destinação; suspensão; embargo; interdição; lacração e emparedamento sistematizados; demolição com execução subsidiária e taxa de 100%
603,Tít. VIII,Infrações e penalidades (589–627; 627-A; 627-B),ALTERADO,299–330,Multas em R$ fixos → UFESP com dosimetria; advertência formalizada; apreensão com rito e destinação; suspensão; embargo; interdição; lacração e emparedamento sistematizados; demolição com execução subsidiária e taxa de 100%
604,Tít. VIII,Infrações e penalidades (589–627; 627-A; 627-B),ALTERADO,299–330,Multas em R$ fixos → UFESP com dosimetria; advertência formalizada; apreensão com rito e destinação; suspensão; embargo; interdição; lacração e emparedamento sistematizados; demolição com execução subsidiária e taxa de 100%
605,Tít. VIII,Infrações e penalidades (589–627; 627-A; 627-B),ALTERADO,299–330,Multas em R$ fixos → UFESP com dosimetria; advertência formalizada; apreensão com rito e destinação; suspensão; embargo; interdição; lacração e emparedamento sistematizados; demolição com execução subsidiária e taxa de 100%
606,Tít. VIII,Infrações e penalidades (589–627; 627-A; 627-B),ALTERADO,299–330,Multas em R$ fixos → UFESP com dosimetria; advertência formalizada; apreensão com rito e destinação; suspensão; embargo; interdição; lacração e emparedamento sistematizados; demolição com execução subsidiária e taxa de 100%
607,Tít. VIII,Infrações e penalidades (589–627; 627-A; 627-B),ALTERADO,299–330,Multas em R$ fixos → UFESP com dosimetria; advertência formalizada; apreensão com rito e destinação; suspensão; embargo; interdição; lacração e emparedamento sistematizados; demolição com execução subsidiária e taxa de 100%
608,Tít. VIII,Infrações e penalidades (589–627; 627-A; 627-B),ALTERADO,299–330,Multas em R$ fixos → UFESP com dosimetria; advertência formalizada; apreensão com rito e destinação; suspensão; embargo; interdição; lacração e emparedamento sistematizados; demolição com execução subsidiária e taxa de 100%
609,Tít. VIII,Infrações e penalidades (589–627; 627-A; 627-B),ALTERADO,299–330,Multas em R$ fixos → UFESP com dosimetria; advertência formalizada; apreensão com rito e destinação; suspensão; embargo; interdição; lacração e emparedamento sistematizados; demolição com execução subsidiária e taxa de 100%
610,Tít. VIII,Infrações e penalidades (589–627; 627-A; 627-B),ALTERADO,299–330,Multas em R$ fixos → UFESP com dosimetria; advertência formalizada; apreensão com rito e destinação; suspensão; embargo; interdição; lacração e emparedamento sistematizados; demolição com execução subsidiária e taxa de 100%
611,Tít. VIII,Infrações e penalidades (589–627; 627-A; 627-B),ALTERADO,299–330,Multas em R$ fixos → UFESP com dosimetria; advertência formalizada; apreensão com rito e destinação; suspensão; embargo; interdição; lacração e emparedamento sistematizados; demolição com execução subsidiária e taxa de 100%
612,Tít. VIII,Infrações e penalidades (589–627; 627-A; 627-B),ALTERADO,299–330,Multas em R$ fixos → UFESP com dosimetria; advertência formalizada; apreensão com rito e destinação; suspensão; embargo; interdição; lacração e emparedamento sistematizados; demolição com execução subsidiária e taxa de 100%
613,Tít. VIII,Infrações e penalidades (589–627; 627-A; 627-B),ALTERADO,299–330,Multas em R$ fixos → UFESP com dosimetria; advertência formalizada; apreensão com rito e destinação; suspensão; embargo; interdição; lacração e emparedamento sistematizados; demolição com execução subsidiária e taxa de 100%
614,Tít. VIII,Infrações e penalidades (589–627; 627-A; 627-B),ALTERADO,299–330,Multas em R$ fixos → UFESP com dosimetria; advertência formalizada; apreensão com rito e destinação; suspensão; embargo; interdição; lacração e emparedamento sistematizados; demolição com execução subsidiária e taxa de 100%
615,Tít. VIII,Infrações e penalidades (589–627; 627-A; 627-B),ALTERADO,299–330,Multas em R$ fixos → UFESP com dosimetria; advertência formalizada; apreensão com rito e destinação; suspensão; embargo; interdição; lacração e emparedamento sistematizados; demolição com execução subsidiária e taxa de 100%
616,Tít. VIII,Infrações e penalidades (589–627; 627-A; 627-B),ALTERADO,299–330,Multas em R$ fixos → UFESP com dosimetria; advertência formalizada; apreensão com rito e destinação; suspensão; embargo; interdição; lacração e emparedamento sistematizados; demolição com execução subsidiária e taxa de 100%
617,Tít. VIII,Infrações e penalidades (589–627; 627-A; 627-B),ALTERADO,299–330,Multas em R$ fixos → UFESP com dosimetria; advertência formalizada; apreensão com rito e destinação; suspensão; embargo; interdição; lacração e emparedamento sistematizados; demolição com execução subsidiária e taxa de 100%
618,Tít. VIII,Infrações e penalidades (589–627; 627-A; 627-B),ALTERADO,299–330,Multas em R$ fixos → UFESP com dosimetria; advertência formalizada; apreensão com rito e destinação; suspensão; embargo; interdição; lacração e emparedamento sistematizados; demolição com execução subsidiária e taxa de 100%
619,Tít. VIII,Infrações e penalidades (589–627; 627-A; 627-B),ALTERADO,299–330,Multas em R$ fixos → UFESP com dosimetria; advertência formalizada; apreensão com rito e destinação; suspensão; embargo; interdição; lacração e emparedamento sistematizados; demolição com execução subsidiária e taxa de 100%
620,Tít. VIII,Infrações e penalidades (589–627; 627-A; 627-B),ALTERADO,299–330,Multas em R$ fixos → UFESP com dosimetria; advertência formalizada; apreensão com rito e destinação; suspensão; embargo; interdição; lacração e emparedamento sistematizados; demolição com execução subsidiária e taxa de 100%
621,Tít. VIII,Infrações e penalidades (589–627; 627-A; 627-B),ALTERADO,299–330,Multas em R$ fixos → UFESP com dosimetria; advertência formalizada; apreensão com rito e destinação; suspensão; embargo; interdição; lacração e emparedamento sistematizados; demolição com execução subsidiária e taxa de 100%
622,Tít. VIII,Infrações e penalidades (589–627; 627-A; 627-B),ALTERADO,299–330,Multas em R$ fixos → UFESP com dosimetria; advertência formalizada; apreensão com rito e destinação; suspensão; embargo; interdição; lacração e emparedamento sistematizados; demolição com execução subsidiária e taxa de 100%
623,Tít. VIII,Infrações e penalidades (589–627; 627-A; 627-B),ALTERADO,299–330,Multas em R$ fixos → UFESP com dosimetria; advertência formalizada; apreensão com rito e destinação; suspensão; embargo; interdição; lacração e emparedamento sistematizados; demolição com execução subsidiária e taxa de 100%
624,Tít. VIII,Infrações e penalidades (589–627; 627-A; 627-B),ALTERADO,299–330,Multas em R$ fixos → UFESP com dosimetria; advertência formalizada; apreensão com rito e destinação; suspensão; embargo; interdição; lacração e emparedamento sistematizados; demolição com execução subsidiária e taxa de 100%
625,Tít. VIII,Infrações e penalidades (589–627; 627-A; 627-B),ALTERADO,299–330,Multas em R$ fixos → UFESP com dosimetria; advertência formalizada; apreensão com rito e destinação; suspensão; embargo; interdição; lacração e emparedamento sistematizados; demolição com execução subsidiária e taxa de 100%
626,Tít. VIII,Infrações e penalidades (589–627; 627-A; 627-B),ALTERADO,299–330,Multas em R$ fixos → UFESP com dosimetria; advertência formalizada; apreensão com rito e destinação; suspensão; embargo; interdição; lacração e emparedamento sistematizados; demolição com execução subsidiária e taxa de 100%
627,Tít. VIII,Infrações e penalidades (589–627; 627-A; 627-B),ALTERADO,299–330,Multas em R$ fixos → UFESP com dosimetria; advertência formalizada; apreensão com rito e destinação; suspensão; embargo; interdição; lacração e emparedamento sistematizados; demolição com execução subsidiária e taxa de 100%
628,Tít. IX,Disposições finais,ALTERADO,331–335,Comissão Consultiva do Código de Posturas (art. 636) desaparece; prazos em dias corridos mantidos; cláusula revogatória nominal (334)
629,Tít. IX,Disposições finais,ALTERADO,331–335,Comissão Consultiva do Código de Posturas (art. 636) desaparece; prazos em dias corridos mantidos; cláusula revogatória nominal (334)
630,Tít. IX,Disposições finais,ALTERADO,331–335,Comissão Consultiva do Código de Posturas (art. 636) desaparece; prazos em dias corridos mantidos; cláusula revogatória nominal (334)
631,Tít. IX,Disposições finais,ALTERADO,331–335,Comissão Consultiva do Código de Posturas (art. 636) desaparece; prazos em dias corridos mantidos; cláusula revogatória nominal (334)
632,Tít. IX,Disposições finais,ALTERADO,331–335,Comissão Consultiva do Código de Posturas (art. 636) desaparece; prazos em dias corridos mantidos; cláusula revogatória nominal (334)
633,Tít. IX,Disposições finais,ALTERADO,331–335,Comissão Consultiva do Código de Posturas (art. 636) desaparece; prazos em dias corridos mantidos; cláusula revogatória nominal (334)
634,Tít. IX,Disposições finais,ALTERADO,331–335,Comissão Consultiva do Código de Posturas (art. 636) desaparece; prazos em dias corridos mantidos; cláusula revogatória nominal (334)
635,Tít. IX,Disposições finais,ALTERADO,331–335,Comissão Consultiva do Código de Posturas (art. 636) desaparece; prazos em dias corridos mantidos; cláusula revogatória nominal (334)
636,Tít. IX,Disposições finais,ALTERADO,331–335,Comissão Consultiva do Código de Posturas (art. 636) desaparece; prazos em dias corridos mantidos; cláusula revogatória nominal (334)
637,Tít. IX,Disposições finais,ALTERADO,331–335,Comissão Consultiva do Código de Posturas (art. 636) desaparece; prazos em dias corridos mantidos; cláusula revogatória nominal (334)
638,Tít. IX,Disposições finais,ALTERADO,331–335,Comissão Consultiva do Código de Posturas (art. 636) desaparece; prazos em dias corridos mantidos; cláusula revogatória nominal (334)
639,Tít. IX,Disposições finais,ALTERADO,331–335,Comissão Consultiva do Código de Posturas (art. 636) desaparece; prazos em dias corridos mantidos; cláusula revogatória nominal (334)
640,Tít. IX,Disposições finais,ALTERADO,331–335,Comissão Consultiva do Código de Posturas (art. 636) desaparece; prazos em dias corridos mantidos; cláusula revogatória nominal (334)
